subphylum,class,order,family,genus,taxon,a,a_SE,b,b_SE,n,source,b_min,b_max,a_min,a_max,dw_units,L_units,notes,formula_type,formula
Hexapoda,Insecta,All Insects,NA,NA,Insecta,0.0064,4.00E-04,2.788,0.022,205,Benke et al. 1999,1.95,4.179,1.00E-04,0.0538,mg,mm,,1,M = aL^b
Crustacea,NA,Amphipoda,NA,NA,Amphipoda,0.006,0.001,3.015,0.087,7,Benke et al. 1999,NA,NA,NA,NA,mg,mm,,1,M = aL^b
Crustacea,Malacostraca,Amphipoda,Crangonyctidae,Crangonyx,Crangonyx,0.0039,NA,3.0045,NA,NA,Benke et al. 1999,NA,NA,NA,NA,mg,mm,,1,M = aL^b
Crustacea,Malacostraca,Amphipoda,Gammaridae,Gammarus,Gammarus,0.00845,NA,2.8705,NA,NA,Benke et al. 1999,NA,NA,NA,NA,mg,mm,,1,M = aL^b
Crustacea,Malacostraca,Amphipoda,Pontoporeiidae,Pontoporeia,Pontoporeia,0.0052,NA,3.118666667,NA,NA,Benke et al. 1999,NA,NA,NA,NA,mg,mm,,1,M = aL^b
Hexapoda,Insecta,Coleoptera,Chrysomelidae,NA,Chrysomelidae,0.039,NA,3.11,NA,1,Benke et al. 1999,NA,NA,NA,NA,mg,mm,,1,M = aL^b
Hexapoda,Insecta,Coleoptera,NA,NA,Coleoptera,0.0077,0.0021,2.91,0.117,9,Benke et al. 1999,2.311,3.521,0.0011,0.0181,mg,mm,,1,M = aL^b
Hexapoda,Insecta,Coleoptera,Elmidae,NA,Elmidae,0.007,0.003,2.88,0.18,6,Benke et al. 1999,NA,NA,NA,NA,mg,mm,,1,M = aL^b
Hexapoda,Insecta,Coleoptera,Psephenidae,NA,Psephenidae,0.012,0.004,2.91,0.02,2,Benke et al. 1999,NA,NA,NA,NA,mg,mm,,1,M = aL^b
Hexapoda,Insecta,Coleoptera,Ptilodactylidae,NA,Ptilodactylidae,0.001,NA,3.1,NA,1,Benke et al. 1999,NA,NA,NA,NA,mg,mm,,1,M = aL^b
Crustacea,Malacostraca,Decapoda,Cambaridae,Cambarus,Cambarus,0.009,NA,3.521,NA,NA,Benke et al. 1999,NA,NA,NA,NA,mg,mm,,1,M = aL^b
Crustacea,NA,Decapoda,NA,NA,Decapoda,0.015,0.003,3.626,0.084,9,Benke et al. 1999,NA,NA,NA,NA,mg,mm,,1,M = aL^b
Crustacea,Malacostraca,Decapoda,Cambaridae,Orconectes,Orconectes,0.0153875,NA,3.639125,NA,NA,Benke et al. 1999,NA,NA,NA,NA,mg,mm,,1,M = aL^b
Crustacea,Malacostraca,Decapoda,Astacidae,Pacifastacus,Pacifastacus,0.01675,NA,3.3325,NA,NA,Benke et al. 1999,NA,NA,NA,NA,mg,mm,,1,M = aL^b
Hexapoda,Insecta,Diptera,Chironomidae,Ablabesmyia,Ablabesmyia,0.001,NA,2.884,NA,NA,Benke et al. 1999,NA,NA,NA,NA,mg,mm,,1,M = aL^b
Hexapoda,Insecta,Diptera,Athericidae,NA,Athericidae,0.004,NA,2.59,NA,1,Benke et al. 1999,NA,NA,NA,NA,mg,mm,,1,M = aL^b
Hexapoda,Insecta,Diptera,Blephariceridae,NA,Blephariceridae,0.007,NA,3.29,NA,1,Benke et al. 1999,NA,NA,NA,NA,mg,mm,,1,M = aL^b
Hexapoda,Insecta,Diptera,Ceratopogonidae,NA,Ceratopogonidae,0.003,0.001,2.47,0.21,3,Benke et al. 1999,NA,NA,NA,NA,mg,mm,,1,M = aL^b
Hexapoda,Insecta,Diptera,Chironomidae,NA,Chironomidae,0.002,0,2.62,0.07,17,Benke et al. 1999,NA,NA,NA,NA,mg,mm,,1,M = aL^b
Hexapoda,Insecta,Diptera,Chironomidae,Chironomini,Chironomini,7.00E-04,NA,2.952,NA,NA,Benke et al. 1999,NA,NA,NA,NA,mg,mm,,1,M = aL^b
Hexapoda,Insecta,Diptera,Chironomidae,Chironomus,Chironomus,0.000755,NA,2.74,NA,NA,Benke et al. 1999,NA,NA,NA,NA,mg,mm,,1,M = aL^b
Hexapoda,Insecta,Diptera,Tabanidae,Chrysops,Chrysops,0.005,NA,2.591,NA,NA,Benke et al. 1999,NA,NA,NA,NA,mg,mm,,1,M = aL^b
Hexapoda,Insecta,Diptera,Chironomidae,Cladopelma,Cladopelma,0.001,NA,2.606,NA,NA,Benke et al. 1999,NA,NA,NA,NA,mg,mm,,1,M = aL^b
Hexapoda,Insecta,Diptera,Chironomidae,Dicrotenclipes,Dicrotenclipes,0.00059,NA,3.142,NA,NA,Benke et al. 1999,NA,NA,NA,NA,mg,mm,,1,M = aL^b
Hexapoda,Insecta,Diptera,NA,NA,Diptera,0.0025,3.00E-04,2.692,0.052,43,Benke et al. 1999,2.091,3.83,2.00E-04,0.0066,mg,mm,,1,M = aL^b
Hexapoda,Insecta,Diptera,Empididae,NA,Empididae,0.005,0.001,2.55,0.11,2,Benke et al. 1999,NA,NA,NA,NA,mg,mm,,1,M = aL^b
Hexapoda,Insecta,Diptera,Ceratopogonidae,Palpomyia,Palpomyia,0.0036,NA,2.268,NA,NA,Benke et al. 1999,NA,NA,NA,NA,mg,mm,,1,M = aL^b
Hexapoda,Insecta,Diptera,Chironomidae,Polypedilum,Polypedilum,0.001,NA,2.761,NA,NA,Benke et al. 1999,NA,NA,NA,NA,mg,mm,,1,M = aL^b
Hexapoda,Insecta,Diptera,Chironomidae,Procladius,Procladius,0.000985,NA,2.645,NA,NA,Benke et al. 1999,NA,NA,NA,NA,mg,mm,,1,M = aL^b
Hexapoda,Insecta,Diptera,Simuliidae,Prosimulium,Prosimulium,0.0012,NA,3.19,NA,NA,Benke et al. 1999,NA,NA,NA,NA,mg,mm,,1,M = aL^b
Hexapoda,Insecta,Diptera,Sciaridae,NA,Sciaridae,0.004,NA,2.09,NA,1,Benke et al. 1999,NA,NA,NA,NA,mg,mm,,1,M = aL^b
Hexapoda,Insecta,Diptera,Simuliidae,NA,Simuliidae,0.002,0.001,3.01,0.15,8,Benke et al. 1999,NA,NA,NA,NA,mg,mm,,1,M = aL^b
Hexapoda,Insecta,Diptera,Simuliidae,Simulium,Simulium,0.000663333,NA,3.023333333,NA,NA,Benke et al. 1999,NA,NA,NA,NA,mg,mm,,1,M = aL^b
Hexapoda,Insecta,Diptera,Simuliidae,Stegopterna,Stegopterna,0.00042,NA,3.83,NA,NA,Benke et al. 1999,NA,NA,NA,NA,mg,mm,,1,M = aL^b
Hexapoda,Insecta,Diptera,Tabanidae,NA,Tabanidae,0.005,NA,2.59,NA,1,Benke et al. 1999,NA,NA,NA,NA,mg,mm,,1,M = aL^b
Hexapoda,Insecta,Diptera,Tabanidae,Tabanus,Tabanus,0.005,NA,2.591,NA,NA,Benke et al. 1999,NA,NA,NA,NA,mg,mm,,1,M = aL^b
Hexapoda,Insecta,Diptera,Chironomidae,Tanytarsus,Tanytarsus,0.0012,NA,2.294,NA,NA,Benke et al. 1999,NA,NA,NA,NA,mg,mm,,1,M = aL^b
Hexapoda,Insecta,Diptera,Tipulidae,Tipula,Tipula,0.00345,NA,2.6365,NA,NA,Benke et al. 1999,NA,NA,NA,NA,mg,mm,,1,M = aL^b
Hexapoda,Insecta,Diptera,Tipulidae,NA,Tipulidae,0.003,0.001,2.68,0.06,9,Benke et al. 1999,NA,NA,NA,NA,mg,mm,,1,M = aL^b
Hexapoda,Insecta,Ephemeroptera,Ameletidae,NA,Ameletidae,0.008,NA,2.588,NA,1,Benke et al. 1999,NA,NA,NA,NA,mg,mm,,1,M = aL^b
Hexapoda,Insecta,Ephemeroptera,Ameletidae,Ameletus,Ameletus,0.0077,NA,2.588,NA,NA,Benke et al. 1999,NA,NA,NA,NA,mg,mm,,1,M = aL^b
Hexapoda,Insecta,Ephemeroptera,Baetidae,NA,Baetidae,0.005,0.001,2.875,0.131,9,Benke et al. 1999,NA,NA,NA,NA,mg,mm,,1,M = aL^b
Hexapoda,Insecta,Ephemeroptera,Baetidae,Baetis,Baetis,0.0062,NA,2.731,NA,NA,Benke et al. 1999,NA,NA,NA,NA,mg,mm,,1,M = aL^b
Hexapoda,Insecta,Ephemeroptera,Baetiscidae,Baetisca,Baetisca,0.0116,NA,2.905,NA,NA,Benke et al. 1999,NA,NA,NA,NA,mg,mm,,1,M = aL^b
Hexapoda,Insecta,Ephemeroptera,Baetiscidae,NA,Baetiscidae,0.012,NA,2.905,NA,1,Benke et al. 1999,NA,NA,NA,NA,mg,mm,,1,M = aL^b
Hexapoda,Insecta,Ephemeroptera,Caenidae,NA,Caenidae,0.005,0.001,2.772,0.069,4,Benke et al. 1999,NA,NA,NA,NA,mg,mm,,1,M = aL^b
Hexapoda,Insecta,Ephemeroptera,Caenidae,Caenis,Caenis,0.00535,NA,2.772,NA,NA,Benke et al. 1999,NA,NA,NA,NA,mg,mm,,1,M = aL^b
Hexapoda,Insecta,Ephemeroptera,Baetidae,Callibaetis,Callibaetis,0.00081,NA,3.547,NA,NA,Benke et al. 1999,NA,NA,NA,NA,mg,mm,,1,M = aL^b
Hexapoda,Insecta,Ephemeroptera,Ephemerellidae,Drunella,Drunella,0.0138,NA,2.856,NA,NA,Benke et al. 1999,NA,NA,NA,NA,mg,mm,,1,M = aL^b
Hexapoda,Insecta,Ephemeroptera,Heptageniidae,Epeorus,Epeorus,0.0056,NA,2.926,NA,NA,Benke et al. 1999,NA,NA,NA,NA,mg,mm,,1,M = aL^b
Hexapoda,Insecta,Ephemeroptera,Ephemerellidae,Ephemerella,Ephemerella,0.01125,NA,2.5535,NA,NA,Benke et al. 1999,NA,NA,NA,NA,mg,mm,,1,M = aL^b
Hexapoda,Insecta,Ephemeroptera,Ephemerellidae,NA,Ephemerellidae,0.01,0.003,2.676,0.131,8,Benke et al. 1999,NA,NA,NA,NA,mg,mm,,1,M = aL^b
Hexapoda,Insecta,Ephemeroptera,Ephemeridae,NA,Ephemeridae,0.003,0.001,2.764,0.043,4,Benke et al. 1999,NA,NA,NA,NA,mg,mm,,1,M = aL^b
Hexapoda,Insecta,Ephemeroptera,NA,NA,Ephemeroptera,0.0071,7.00E-04,2.832,0.046,54,Benke et al. 1999,2.252,4.14,1.00E-04,0.0257,mg,mm,,1,M = aL^b
Hexapoda,Insecta,Ephemeroptera,Polymitarcyidae,Ephoron,Ephoron,0.002,NA,3.05,NA,NA,Benke et al. 1999,NA,NA,NA,NA,mg,mm,,1,M = aL^b
Hexapoda,Insecta,Ephemeroptera,Ephemerellidae,Eurylophella,Eurylophella,0.00655,NA,2.5525,NA,NA,Benke et al. 1999,NA,NA,NA,NA,mg,mm,,1,M = aL^b
Hexapoda,Insecta,Ephemeroptera,Leptophlebiidae,Habrophlebia,Habrophlebia,0.0028,NA,2.488,NA,NA,Benke et al. 1999,NA,NA,NA,NA,mg,mm,,1,M = aL^b
Hexapoda,Insecta,Ephemeroptera,Heptageniidae,Heptagenia,Heptagenia,0.01335,NA,2.5285,NA,NA,Benke et al. 1999,NA,NA,NA,NA,mg,mm,,1,M = aL^b
Hexapoda,Insecta,Ephemeroptera,Heptageniidae,NA,Heptageniidae,0.011,0.001,2.754,0.039,15,Benke et al. 1999,NA,NA,NA,NA,mg,mm,,1,M = aL^b
Hexapoda,Insecta,Ephemeroptera,Baetidae,Heterocloeon,Heterocloeon,0.0052,NA,2.721,NA,NA,Benke et al. 1999,NA,NA,NA,NA,mg,mm,,1,M = aL^b
Hexapoda,Insecta,Ephemeroptera,Ephemeridae,Hexagenia,Hexagenia,0.0037,NA,2.773,NA,NA,Benke et al. 1999,NA,NA,NA,NA,mg,mm,,1,M = aL^b
Hexapoda,Insecta,Ephemeroptera,Isonychiidae,Isonychia,Isonychia,0.0031,NA,3.0425,NA,NA,Benke et al. 1999,NA,NA,NA,NA,mg,mm,,1,M = aL^b
Hexapoda,Insecta,Ephemeroptera,Isonychiidae,NA,Isonychiidae,0.003,0,3.043,0.124,2,Benke et al. 1999,NA,NA,NA,NA,mg,mm,,1,M = aL^b
Hexapoda,Insecta,Ephemeroptera,Leptophlebiidae,Leptophlebia,Leptophlebia,0.0054,NA,2.836,NA,NA,Benke et al. 1999,NA,NA,NA,NA,mg,mm,,1,M = aL^b
Hexapoda,Insecta,Ephemeroptera,Leptophlebiidae,NA,Leptophlebiidae,0.005,0.001,2.686,0.082,5,Benke et al. 1999,NA,NA,NA,NA,mg,mm,,1,M = aL^b
Hexapoda,Insecta,Ephemeroptera,Leptophlebiidae,Paraleptophlebia,Paraleptophlebia,0.0061,NA,2.624,NA,NA,Benke et al. 1999,NA,NA,NA,NA,mg,mm,,1,M = aL^b
Hexapoda,Insecta,Ephemeroptera,Polymitarcyidae,NA,Polymitarcyidae,0.002,NA,3.05,NA,1,Benke et al. 1999,NA,NA,NA,NA,mg,mm,,1,M = aL^b
Hexapoda,Insecta,Ephemeroptera,Baetidae,Pseudocloeon,Pseudocloeon,0.0023,NA,3.264,NA,NA,Benke et al. 1999,NA,NA,NA,NA,mg,mm,,1,M = aL^b
Hexapoda,Insecta,Ephemeroptera,Ephemerellidae,Serratella,Serratella,0.0088,NA,2.584,NA,NA,Benke et al. 1999,NA,NA,NA,NA,mg,mm,,1,M = aL^b
Hexapoda,Insecta,Ephemeroptera,Siphlonuridae,NA,Siphlonuridae,0.003,0.003,3.446,0.455,3,Benke et al. 1999,NA,NA,NA,NA,mg,mm,,1,M = aL^b
Hexapoda,Insecta,Ephemeroptera,Heptageniidae,Stenacron,Stenacron,0.0067,NA,2.807,NA,NA,Benke et al. 1999,NA,NA,NA,NA,mg,mm,,1,M = aL^b
Hexapoda,Insecta,Ephemeroptera,Heptageniidae,Stenonema,Stenonema,0.00885,NA,2.7355,NA,NA,Benke et al. 1999,NA,NA,NA,NA,mg,mm,,1,M = aL^b
Hexapoda,Insecta,Ephemeroptera,Tricorythidae,NA,Tricorythidae,0.006,0.003,3.194,0.028,2,Benke et al. 1999,NA,NA,NA,NA,mg,mm,,1,M = aL^b
Hexapoda,Insecta,Ephemeroptera,Tricorythidae,Tricorythodes,Tricorythodes,0.00605,NA,3.1935,NA,NA,Benke et al. 1999,NA,NA,NA,NA,mg,mm,,1,M = aL^b
Hexapoda,Insecta,Hemiptera,Corixidae,NA,Corixidae,0.003,NA,2.904,NA,1,Benke et al. 1999,NA,NA,NA,NA,mg,mm,,1,M = aL^b
Hexapoda,Insecta,Hemiptera,Gerridae,NA,Gerridae,0.015,NA,2.596,NA,1,Benke et al. 1999,NA,NA,NA,NA,mg,mm,,1,M = aL^b
Hexapoda,Insecta,Hemiptera,Gerridae,Gerris,Gerris,0.015,NA,2.596,NA,NA,Benke et al. 1999,NA,NA,NA,NA,mg,mm,,1,M = aL^b
Hexapoda,Insecta,Hemiptera,NA,NA,Hemiptera,0.0108,0.0032,2.734,0.068,4,Benke et al. 1999,2.596,2.904,0.0031,0.0169,mg,mm,,1,M = aL^b
Hexapoda,Insecta,Hemiptera,Veliidae,Metrobates,Metrobates,0.0169,NA,2.66,NA,NA,Benke et al. 1999,NA,NA,NA,NA,mg,mm,,1,M = aL^b
Hexapoda,Insecta,Hemiptera,Veliidae,Rhagovelia,Rhagovelia,0.0083,NA,2.777,NA,NA,Benke et al. 1999,NA,NA,NA,NA,mg,mm,,1,M = aL^b
Hexapoda,Insecta,Hemiptera,Corixidae,Sigara,Sigara,0.0031,NA,2.904,NA,NA,Benke et al. 1999,NA,NA,NA,NA,mg,mm,,1,M = aL^b
Hexapoda,Insecta,Hemiptera,Veliidae,NA,Veliidae,0.013,0.004,2.719,0.058,2,Benke et al. 1999,NA,NA,NA,NA,mg,mm,,1,M = aL^b
,Bivalvia,Heterodonta,Corbiculidae,,Corbiculidae,0.0104,,3.028,,,Benke et al. 1999,,,,,mg,mm,geometric mean of coefficients within family,1,M = aL^b
,Bivalvia,Heterodonta,Pisidiidae,,Pisidiidae,0.0163,,2.477,,,Benke et al. 1999,,,,,mg,mm,,1,M = aL^b
,Bivalvia,Heterodonta,Pisidiidae,Pisidium,Pisidium,0.0163,,2.477,,,Benke et al. 1999,,,,,mg,mm,,1,M = aL^b
,Gastropoda,Heterostropha,Valvatidae,,Valvatidae,-4.76,,3.21,,,Baumgartner and Rothhaupt 2003,,,,,mg,mm,(in Perkins et al. 2018),2,M = exp(a + b log(L)
Crustacea,Malacostraca,Isopoda,Asellidae,Caecidotea,Caecidotea,0.0036,NA,3.111,NA,NA,Benke et al. 1999,NA,NA,NA,NA,mg,mm,,1,M = aL^b
Crustacea,NA,Isopoda,NA,NA,Isopoda,0.005,0.002,2.948,0.163,2,Benke et al. 1999,NA,NA,NA,NA,mg,mm,,1,M = aL^b
Crustacea,Malacostraca,Isopoda,Asellidae,Lirceus,Lirceus,0.0072,NA,2.785,NA,NA,Benke et al. 1999,NA,NA,NA,NA,mg,mm,,1,M = aL^b
Hexapoda,Insecta,Lepidoptera,Pyralidae,NA,Pyralidae,0.003,NA,2.92,NA,1,Benke et al. 1999,NA,NA,NA,NA,mg,mm,,1,M = aL^b
Clitellata,Oligochaeta,Lumbriculida,Lumbriculidae,,Lumbriculidae,0.0001,,3.25,,,Miserendino 2001,,,,,mg,mm,,1,M = aL^b
Hexapoda,Insecta,Megaloptera,Corydalidae,NA,Corydalidae,0.004,0.001,2.873,0.069,5,Benke et al. 1999,NA,NA,NA,NA,mg,mm,,1,M = aL^b
Hexapoda,Insecta,Megaloptera,Corydalidae,Corydalus,Corydalus,0.002266667,NA,2.983666667,NA,NA,Benke et al. 1999,NA,NA,NA,NA,mg,mm,,1,M = aL^b
Hexapoda,Insecta,Megaloptera,NA,NA,Megaloptera,0.0037,6.00E-04,2.838,0.053,7,Benke et al. 1999,2.691,3.001,0.0018,0.0062,mg,mm,,1,M = aL^b
Hexapoda,Insecta,Megaloptera,Corydalidae,Nigronia,Nigronia,0.00575,NA,2.706,NA,NA,Benke et al. 1999,NA,NA,NA,NA,mg,mm,,1,M = aL^b
Hexapoda,Insecta,Megaloptera,Sialidae,NA,Sialidae,0.004,0.001,2.753,0.048,2,Benke et al. 1999,NA,NA,NA,NA,mg,mm,,1,M = aL^b
Hexapoda,Insecta,Megaloptera,Sialidae,Sialis,Sialis,0.0037,NA,2.7525,NA,NA,Benke et al. 1999,NA,NA,NA,NA,mg,mm,,1,M = aL^b
NA,Turbellaria,NA,Planariidae,Cura,Cura,0.0101,NA,2.162,NA,NA,Benke et al. 1999,NA,NA,NA,NA,mg,mm,,1,M = aL^b
NA,Turbellaria,NA,NA,Dugesia,Dugesia,0.0089,NA,2.145,NA,NA,Benke et al. 1999,NA,NA,NA,NA,mg,mm,,1,M = aL^b
NA,Turbellaria,NA,NA,NA,Turbellaria,0.008,0.001,2.168,0.016,3,Benke et al. 1999,NA,NA,NA,NA,mg,mm,,1,M = aL^b
,Trepaxonemata,Neoophora,Planariidae,,Planariidae,-3.6344,,1.8545,,,Meyer 1989,,,,,mg,mm,(in Perkins et al. 2018),2,M = exp(a + b log(L)
,Trepaxonemata,Neoophora,Planariidae,Polycelis,Polycelis,-3.6344,,1.8545,,,Meyer 1989,,,,,mg,mm,(in Perkins et al. 2018),2,M = exp(a + b log(L)
Hexapoda,Insecta,Odonata,Aeshnidae,NA,Aeshnidae,0.008,NA,2.813,NA,1,Benke et al. 1999,NA,NA,NA,NA,mg,mm,,1,M = aL^b
Hexapoda,Insecta,Odonata,Coenagrionidae,Argia,Argia,0.0086,NA,2.666,NA,NA,Benke et al. 1999,NA,NA,NA,NA,mg,mm,,1,M = aL^b
Hexapoda,Insecta,Odonata,Aeshnidae,Boyeria,Boyeria,0.0082,NA,2.813,NA,NA,Benke et al. 1999,NA,NA,NA,NA,mg,mm,,1,M = aL^b
Hexapoda,Insecta,Odonata,Calopterygidae,NA,Calopterygidae,0.005,NA,2.742,NA,1,Benke et al. 1999,NA,NA,NA,NA,mg,mm,,1,M = aL^b
Hexapoda,Insecta,Odonata,Calopterygidae,Calopteryx,Calopteryx,0.005,NA,2.742,NA,NA,Benke et al. 1999,NA,NA,NA,NA,mg,mm,,1,M = aL^b
Hexapoda,Insecta,Odonata,Libellulidae,Celithemis,Celithemis,0.0058,NA,2.877,NA,NA,Benke et al. 1999,NA,NA,NA,NA,mg,mm,,1,M = aL^b
Hexapoda,Insecta,Odonata,Coenagrionidae,NA,Coenagrionidae,0.005,0.004,2.785,0.119,2,Benke et al. 1999,NA,NA,NA,NA,mg,mm,,1,M = aL^b
Hexapoda,Insecta,Odonata,Cordulegastridae,Cordulegaster,Cordulegaster,0.0067,NA,2.782,NA,NA,Benke et al. 1999,NA,NA,NA,NA,mg,mm,,1,M = aL^b
Hexapoda,Insecta,Odonata,Cordulegastridae,NA,Cordulegastridae,0.007,NA,2.782,NA,1,Benke et al. 1999,NA,NA,NA,NA,mg,mm,,1,M = aL^b
Hexapoda,Insecta,Odonata,Corduliidae,NA,Corduliidae,0.01,0.002,2.787,0.05,3,Benke et al. 1999,NA,NA,NA,NA,mg,mm,,1,M = aL^b
Hexapoda,Insecta,Odonata,Gomphidae,Dromogomphus,Dromogomphus,0.018,NA,2.239,NA,NA,Benke et al. 1999,NA,NA,NA,NA,mg,mm,,1,M = aL^b
Hexapoda,Insecta,Odonata,Corduliidae,Epitheca,Epitheca,0.0082,NA,2.7385,NA,NA,Benke et al. 1999,NA,NA,NA,NA,mg,mm,,1,M = aL^b
Hexapoda,Insecta,Odonata,Libellulidae,Erythemis,Erythemis,0.0061,NA,3.089,NA,NA,Benke et al. 1999,NA,NA,NA,NA,mg,mm,,1,M = aL^b
Hexapoda,Insecta,Odonata,Gomphidae,NA,Gomphidae,0.009,0.003,2.787,0.147,5,Benke et al. 1999,NA,NA,NA,NA,mg,mm,,1,M = aL^b
Hexapoda,Insecta,Odonata,Gomphidae,Gomphus,Gomphus,0.0052,NA,2.9855,NA,NA,Benke et al. 1999,NA,NA,NA,NA,mg,mm,,1,M = aL^b
Hexapoda,Insecta,Odonata,Coenagrionidae,Ischnura,Ischnura,0.0015,NA,2.904,NA,NA,Benke et al. 1999,NA,NA,NA,NA,mg,mm,,1,M = aL^b
Hexapoda,Insecta,Odonata,Libellulidae,Ladona,Ladona,0.0072,NA,2.618,NA,NA,Benke et al. 1999,NA,NA,NA,NA,mg,mm,,1,M = aL^b
Hexapoda,Insecta,Odonata,Libellulidae,Libellula,Libellula,0.0151,NA,2.393,NA,NA,Benke et al. 1999,NA,NA,NA,NA,mg,mm,,1,M = aL^b
Hexapoda,Insecta,Odonata,Libellulidae,NA,Libellulidae,0.008,0.002,2.809,0.134,5,Benke et al. 1999,NA,NA,NA,NA,mg,mm,,1,M = aL^b
Hexapoda,Insecta,Odonata,Corduliidae,Neurocordulia,Neurocordulia,0.0124,NA,2.884,NA,NA,Benke et al. 1999,NA,NA,NA,NA,mg,mm,,1,M = aL^b
Hexapoda,Insecta,Odonata,NA,NA,Odonata,0.0078,9.00E-04,2.792,0.052,18,Benke et al. 1999,2.239,3.124,0.0015,0.018,mg,mm,,1,M = aL^b
Hexapoda,Insecta,Odonata,Libellulidae,Plathemis,Plathemis,0.004,NA,3.068,NA,NA,Benke et al. 1999,NA,NA,NA,NA,mg,mm,,1,M = aL^b
Hexapoda,Insecta,Odonata,Gomphidae,Progomphus,Progomphus,0.0057,NA,2.831,NA,NA,Benke et al. 1999,NA,NA,NA,NA,mg,mm,,1,M = aL^b
Hexapoda,Insecta,Plecoptera,Perlidae,Acroneuria,Acroneuria,0.00775,NA,2.983,NA,NA,Benke et al. 1999,NA,NA,NA,NA,mg,mm,,1,M = aL^b
Hexapoda,Insecta,Plecoptera,Perlidae,Agnetina,Agnetina,0.0144,NA,2.688,NA,NA,Benke et al. 1999,NA,NA,NA,NA,mg,mm,,1,M = aL^b
Hexapoda,Insecta,Plecoptera,Capniidae,Allocapnia,Allocapnia,0.0052,NA,2.6,NA,NA,Benke et al. 1999,NA,NA,NA,NA,mg,mm,,1,M = aL^b
Hexapoda,Insecta,Plecoptera,Nemouridae,Apmhinemura,Amphinemura,0.004,NA,2.975,NA,NA,Benke et al. 1999,NA,NA,NA,NA,mg,mm,,1,M = aL^b
Hexapoda,Insecta,Plecoptera,Perlidae,Beloneuria,Beloneuria,0.0094,NA,2.766,NA,NA,Benke et al. 1999,NA,NA,NA,NA,mg,mm,,1,M = aL^b
Hexapoda,Insecta,Plecoptera,Capniidae,NA,Capniidae,0.005,0,2.562,0.1,3,Benke et al. 1999,NA,NA,NA,NA,mg,mm,,1,M = aL^b
Hexapoda,Insecta,Plecoptera,Chloroperlidae,NA,Chloroperlidae,0.007,NA,2.724,NA,1,Benke et al. 1999,NA,NA,NA,NA,mg,mm,,1,M = aL^b
Hexapoda,Insecta,Plecoptera,Perlodidae,Clioperla,Clioperla,0.00455,NA,2.8465,NA,NA,Benke et al. 1999,NA,NA,NA,NA,mg,mm,,1,M = aL^b
Hexapoda,Insecta,Plecoptera,Perlidae,Eccoptura,Eccoptura,0.003,NA,3.232,NA,NA,Benke et al. 1999,NA,NA,NA,NA,mg,mm,,1,M = aL^b
Hexapoda,Insecta,Plecoptera,Perlodidae,Isogenus,Isogenus,0.008,NA,2.706,NA,NA,Benke et al. 1999,NA,NA,NA,NA,mg,mm,,1,M = aL^b
Hexapoda,Insecta,Plecoptera,Perlodidae,Isoperla,Isoperla,0.0076,NA,2.601,NA,NA,Benke et al. 1999,NA,NA,NA,NA,mg,mm,,1,M = aL^b
Hexapoda,Insecta,Plecoptera,Perlodidae,Kogotus,Kogotus,0.09,NA,2.84,NA,NA,Benke et al. 1999,NA,NA,NA,NA,mg,mm,,1,M = aL^b
Hexapoda,Insecta,Plecoptera,Leuctridae,Leuctra,Leuctra,0.0025,NA,2.744,NA,NA,Benke et al. 1999,NA,NA,NA,NA,mg,mm,,1,M = aL^b
Hexapoda,Insecta,Plecoptera,Leuctridae,NA,Leuctridae,0.003,0,2.719,0.025,2,Benke et al. 1999,NA,NA,NA,NA,mg,mm,,1,M = aL^b
Hexapoda,Insecta,Plecoptera,Nemouridae,NA,Nemouridae,0.006,0.001,2.762,0.107,3,Benke et al. 1999,NA,NA,NA,NA,mg,mm,,1,M = aL^b
Hexapoda,Insecta,Plecoptera,Perlidae,Neoperla,Neoperla,0.0429,NA,1.95,NA,NA,Benke et al. 1999,NA,NA,NA,NA,mg,mm,,1,M = aL^b
Hexapoda,Insecta,Plecoptera,Perlidae,Paragnetina,Paragnetina,0.0093,NA,2.797,NA,NA,Benke et al. 1999,NA,NA,NA,NA,mg,mm,,1,M = aL^b
Hexapoda,Insecta,Plecoptera,Peltoperlidae,NA,Peltoperlidae,0.017,0.003,2.737,0.116,2,Benke et al. 1999,NA,NA,NA,NA,mg,mm,,1,M = aL^b
Hexapoda,Insecta,Plecoptera,Perlidae,Perlesta,Perlesta,0.00335,NA,3.05,NA,NA,Benke et al. 1999,NA,NA,NA,NA,mg,mm,,1,M = aL^b
Hexapoda,Insecta,Plecoptera,Perlidae,NA,Perlidae,0.01,0.003,2.879,0.092,13,Benke et al. 1999,NA,NA,NA,NA,mg,mm,,1,M = aL^b
Hexapoda,Insecta,Plecoptera,Perlidae,Perlinella,Perlinella,0.0034,NA,3.123,NA,NA,Benke et al. 1999,NA,NA,NA,NA,mg,mm,,1,M = aL^b
Hexapoda,Insecta,Plecoptera,Perlodidae,NA,Perlodidae,0.02,0.012,2.742,0.043,7,Benke et al. 1999,NA,NA,NA,NA,mg,mm,,1,M = aL^b
Hexapoda,Insecta,Plecoptera,NA,NA,Plecoptera,0.0094,0.0017,2.754,0.041,36,Benke et al. 1999,1.95,3.232,0.0019,0.0538,mg,mm,,1,M = aL^b
Hexapoda,Insecta,Plecoptera,Nemouridae,Psostoia,Psostoia,0.0055,NA,2.633,NA,NA,Benke et al. 1999,NA,NA,NA,NA,mg,mm,,1,M = aL^b
Hexapoda,Insecta,Plecoptera,Pteronarcyidae,NA,Pteronarcyidae,0.032,0.026,2.573,0.273,2,Benke et al. 1999,NA,NA,NA,NA,mg,mm,,1,M = aL^b
Hexapoda,Insecta,Plecoptera,Pteronarcyidae,Pteronarcys,Pteronarcys,0.0064,NA,2.845,NA,NA,Benke et al. 1999,NA,NA,NA,NA,mg,mm,,1,M = aL^b
Hexapoda,Insecta,Plecoptera,Taeniopterygidae,Strophopteryx,Strophopteryx,0.0043,NA,2.79,NA,NA,Benke et al. 1999,NA,NA,NA,NA,mg,mm,,1,M = aL^b
Hexapoda,Insecta,Plecoptera,Taeniopterygidae,NA,Taeniopterygidae,0.007,0.001,2.655,0.058,4,Benke et al. 1999,NA,NA,NA,NA,mg,mm,,1,M = aL^b
Hexapoda,Insecta,Plecoptera,Taeniopterygidae,Taeniopteryx,Taeniopteryx,0.0073,NA,2.6305,NA,NA,Benke et al. 1999,NA,NA,NA,NA,mg,mm,,1,M = aL^b
Hexapoda,Insecta,Plecoptera,Peltoperlidae,Tallaperla,Tallaperla,0.0141,NA,2.62,NA,NA,Benke et al. 1999,NA,NA,NA,NA,mg,mm,,1,M = aL^b
,Hirudinea,Rhynchobdellida,Glossiphoniidae,Glossiphonia,Hirudinea,-2.12,,2,,,Edwards et al. 2009,,,,,mg,mm,,2,M = exp(a + b log(L)
Hexapoda,Insecta,Trichoptera,Brachycentridae,NA,Brachycentridae,0.008,0.006,2.818,0.317,3,Benke et al. 1999,NA,NA,NA,NA,mg,mm,,1,M = aL^b
Hexapoda,Insecta,Trichoptera,Brachycentridae,Brachycentrus,Brachycentrus,0.0025,NA,3.0215,NA,NA,Benke et al. 1999,NA,NA,NA,NA,mg,mm,,1,M = aL^b
Hexapoda,Insecta,Trichoptera,Hydropsychidae,Cheumatopsyche,Cheumatopsyche,0.0047,NA,2.6705,NA,NA,Benke et al. 1999,NA,NA,NA,NA,mg,mm,,1,M = aL^b
Hexapoda,Insecta,Trichoptera,Philopotamidae,Chimarra,Chimarra,0.00495,NA,2.4405,NA,NA,Benke et al. 1999,NA,NA,NA,NA,mg,mm,,1,M = aL^b
Hexapoda,Insecta,Trichoptera,Glossosomatidae,NA,Glossosomatidae,0.008,0.002,2.958,0.07,2,Benke et al. 1999,NA,NA,NA,NA,mg,mm,,1,M = aL^b
Hexapoda,Insecta,Trichoptera,Helicopsychidae (case width),NA,Helicopsychidae,0.013,NA,3.096,NA,1,Benke et al. 1999,NA,NA,NA,NA,mg,mm,,1,M = aL^b
Hexapoda,Insecta,Trichoptera,Hydropsychidae,Hydropsyche,Hydropsyche,0.004306,NA,3.0344,NA,NA,Benke et al. 1999,NA,NA,NA,NA,mg,mm,,1,M = aL^b
Hexapoda,Insecta,Trichoptera,Hydropsychidae,NA,Hydropsychidae,0.005,0.001,2.926,0.151,10,Benke et al. 1999,NA,NA,NA,NA,mg,mm,,1,M = aL^b
Hexapoda,Insecta,Trichoptera,Limnephilidae,Ironoquia,Ironoquia,0.0041,NA,2.933,NA,NA,Benke et al. 1999,NA,NA,NA,NA,mg,mm,,1,M = aL^b
Hexapoda,Insecta,Trichoptera,Lepidostomatidae,Lepidostoma,Lepidostoma,0.0079,NA,2.649,NA,NA,Benke et al. 1999,NA,NA,NA,NA,mg,mm,,1,M = aL^b
Hexapoda,Insecta,Trichoptera,Lepidostomatidae,NA,Lepidostomatidae,0.008,NA,2.649,NA,1,Benke et al. 1999,NA,NA,NA,NA,mg,mm,,1,M = aL^b
Hexapoda,Insecta,Trichoptera,Leptoceridae,NA,Leptoceridae,0.003,NA,3.212,NA,1,Benke et al. 1999,NA,NA,NA,NA,mg,mm,,1,M = aL^b
Hexapoda,Insecta,Trichoptera,Limnephilidae,NA,Limnephilidae,0.004,0.001,2.93,0.07,4,Benke et al. 1999,NA,NA,NA,NA,mg,mm,,1,M = aL^b
Hexapoda,Insecta,Trichoptera,Hydropsychidae,Macrostemum,Macrostemum,0.00325,NA,3.0415,NA,NA,Benke et al. 1999,NA,NA,NA,NA,mg,mm,,1,M = aL^b
Hexapoda,Insecta,Trichoptera,Odontoceridae,NA,Odontoceridae,0.008,0.001,2.99,0.25,2,Benke et al. 1999,NA,NA,NA,NA,mg,mm,,1,M = aL^b
Hexapoda,Insecta,Trichoptera,Leptoceridae,Oecetis,Oecetis,0.0034,NA,3.212,NA,NA,Benke et al. 1999,NA,NA,NA,NA,mg,mm,,1,M = aL^b
Hexapoda,Insecta,Trichoptera,Philopotamidae,NA,Philopotamidae,0.005,0,2.51,0.07,3,Benke et al. 1999,NA,NA,NA,NA,mg,mm,,1,M = aL^b
Hexapoda,Insecta,Trichoptera,Phryganeidae,NA,Phryganeidae,0.005,NA,2.81,NA,1,Benke et al. 1999,NA,NA,NA,NA,mg,mm,,1,M = aL^b
Hexapoda,Insecta,Trichoptera,Polycentropodidae,NA,Polycentropodidae,0.005,0.002,2.71,0.17,2,Benke et al. 1999,NA,NA,NA,NA,mg,mm,,1,M = aL^b
Hexapoda,Insecta,Trichoptera,Odontoceridae,Psilotreta,Psilotreta,0.0082,NA,2.735,NA,NA,Benke et al. 1999,NA,NA,NA,NA,mg,mm,,1,M = aL^b
Hexapoda,Insecta,Trichoptera,Psychomyiidae,NA,Psychomyiidae,0.004,NA,2.87,NA,1,Benke et al. 1999,NA,NA,NA,NA,mg,mm,,1,M = aL^b
Hexapoda,Insecta,Trichoptera,Limnephilidae,Pycnopsyche,Pycnopsyche,0.00505,NA,2.841,NA,NA,Benke et al. 1999,NA,NA,NA,NA,mg,mm,,1,M = aL^b
Hexapoda,Insecta,Trichoptera,Rhyacophilidae,NA,Rhyacophilidae,0.01,NA,2.48,NA,1,Benke et al. 1999,NA,NA,NA,NA,mg,mm,,1,M = aL^b
Hexapoda,Insecta,Trichoptera,Sericostomatidae,NA,Sericostomatidae,0.007,NA,2.74,NA,1,Benke et al. 1999,NA,NA,NA,NA,mg,mm,,1,M = aL^b
Hexapoda,Insecta,Trichoptera,NA,NA,Trichoptera,0.0056,6.00E-04,2.839,0.06,34,Benke et al. 1999,2.389,4.179,5.00E-04,0.018,mg,mm,,1,M = aL^b
,Bivalvia,Unionoida,Unionidae,,Unionidae,0.00978,,2.809,,,Benke et al. 1999,,,,,mg,mm,geometric mean of coefficients within family,1,M = aL^b
Chelicerata,Arachnida,,,,Acari,-2.202,,1.66,,,Baumgartner and Rothhaupt 2003,,,,,mg,mm,(in Perkins et al. 2018),2,M = exp(a + b log(L)
,Gastropoda,,Ancylidae,,Ancylidae,0.0977,0.02,3.13,0.08,,Méthot et al. 2012,,,,,mg,mm,,1,M = aL^b
Hexapoda,Collembola,,,,Collembola,0.1534,,2.3002,0.3014,,Ganihar 1997,,,,,mg,mm,,1,M = aL^b
,Gastropoda,,,,Gastropod,0.108466667,,3,,,Average of Gastropod coeffs from this table. ,,,,,mg,mm,,1,M = aL^b
,Gastropoda,,,,Gastropoda,-4.76,,3.21,,,Baumgartner and Rothhaupt 2003,,,,,mg,mm,(in Perkins et al. 2018),2,M = exp(a + b log(L)
,Gastropoda,,Hydrobiidae,,Hydrobiidae,0.182,0.02,2.82,0.05,,Méthot et al. 2012,,,,,mg,mm,,1,M = aL^b
Clitellata,Oligochaeta,,,,Oligochaeta,0.00585,,1.5445,,,Méthot et al. 2012,,,,,mg,mm,,1,M = aL^b
,Gastropoda,,Physidae,,Physidae,0.0457,0.05,3.05,0.07,,Méthot et al. 2012,,,,,mg,mm,,1,M = aL^b
,,,,,Planaria,0.0089,,2.145,,,Benke et al. 1999,,,,,mg,mm,,1,M = aL^b
,,,Planorbidae,,Planorbidae,-3.319,,3.1403,,,Meyer,,,,,mg,mm,(in Perkins et al. 2018),2,M = exp(a + b log(L)
