id,experiment,tank,date,taxon,individual,length_mm_raw,name,length_mm,dm_mg,a,b,a_head,b_head,form,source,notes
26,,4,20/06/2023,amphipod,8,1.173,aria,1.173,0.009383427441,0.0058,3.015,,,dm_mg = a*length_mm^b,"Benke, A. C., Huryn, A. D., Smock, L. A., & Wallace, J. B. (1999). Length-mass relationships for freshwater macroinvertebrates in North America with particular reference to the southeastern United States. Journal of the North American Benthological Society, 18(3), 308-343.",
29,,4,20/06/2023,amphipod,11,1.347,aria,1.347,0.01423873131,0.0058,3.015,,,dm_mg = a*length_mm^b,"Benke, A. C., Huryn, A. D., Smock, L. A., & Wallace, J. B. (1999). Length-mass relationships for freshwater macroinvertebrates in North America with particular reference to the southeastern United States. Journal of the North American Benthological Society, 18(3), 308-343.",
30,,4,20/06/2023,amphipod,12,1.163,aria,1.163,0.009144307744,0.0058,3.015,,,dm_mg = a*length_mm^b,"Benke, A. C., Huryn, A. D., Smock, L. A., & Wallace, J. B. (1999). Length-mass relationships for freshwater macroinvertebrates in North America with particular reference to the southeastern United States. Journal of the North American Benthological Society, 18(3), 308-343.",
31,,4,20/06/2023,amphipod,13,1.546,aria,1.546,0.02157220827,0.0058,3.015,,,dm_mg = a*length_mm^b,"Benke, A. C., Huryn, A. D., Smock, L. A., & Wallace, J. B. (1999). Length-mass relationships for freshwater macroinvertebrates in North America with particular reference to the southeastern United States. Journal of the North American Benthological Society, 18(3), 308-343.",
32,,4,20/06/2023,amphipod,14,1.475,aria,1.475,0.01872129707,0.0058,3.015,,,dm_mg = a*length_mm^b,"Benke, A. C., Huryn, A. D., Smock, L. A., & Wallace, J. B. (1999). Length-mass relationships for freshwater macroinvertebrates in North America with particular reference to the southeastern United States. Journal of the North American Benthological Society, 18(3), 308-343.",
33,,4,20/06/2023,amphipod,15,1.191,aria,1.191,0.009824307659,0.0058,3.015,,,dm_mg = a*length_mm^b,"Benke, A. C., Huryn, A. D., Smock, L. A., & Wallace, J. B. (1999). Length-mass relationships for freshwater macroinvertebrates in North America with particular reference to the southeastern United States. Journal of the North American Benthological Society, 18(3), 308-343.",
38,,4,20/06/2023,amphipod,20,0.961,aria,0.961,0.005144450673,0.0058,3.015,,,dm_mg = a*length_mm^b,"Benke, A. C., Huryn, A. D., Smock, L. A., & Wallace, J. B. (1999). Length-mass relationships for freshwater macroinvertebrates in North America with particular reference to the southeastern United States. Journal of the North American Benthological Society, 18(3), 308-343.",
44,,5,20/06/2023,amphipod,6,0.908,aria,0.908,0.004335676064,0.0058,3.015,,,dm_mg = a*length_mm^b,"Benke, A. C., Huryn, A. D., Smock, L. A., & Wallace, J. B. (1999). Length-mass relationships for freshwater macroinvertebrates in North America with particular reference to the southeastern United States. Journal of the North American Benthological Society, 18(3), 308-343.",
48,,9,20/06/2023,amphipod,3,1.711,aria,1.711,0.02928712712,0.0058,3.015,,,dm_mg = a*length_mm^b,"Benke, A. C., Huryn, A. D., Smock, L. A., & Wallace, J. B. (1999). Length-mass relationships for freshwater macroinvertebrates in North America with particular reference to the southeastern United States. Journal of the North American Benthological Society, 18(3), 308-343.",
51,,9,20/06/2023,amphipod,6,1.858,aria,1.858,0.03754921034,0.0058,3.015,,,dm_mg = a*length_mm^b,"Benke, A. C., Huryn, A. D., Smock, L. A., & Wallace, J. B. (1999). Length-mass relationships for freshwater macroinvertebrates in North America with particular reference to the southeastern United States. Journal of the North American Benthological Society, 18(3), 308-343.",
56,,9,20/06/2023,amphipod,11,1.621,aria,1.621,0.02488420574,0.0058,3.015,,,dm_mg = a*length_mm^b,"Benke, A. C., Huryn, A. D., Smock, L. A., & Wallace, J. B. (1999). Length-mass relationships for freshwater macroinvertebrates in North America with particular reference to the southeastern United States. Journal of the North American Benthological Society, 18(3), 308-343.",
60,,9,20/06/2023,amphipod,15,0.96,aria,0.96,0.00512832761,0.0058,3.015,,,dm_mg = a*length_mm^b,"Benke, A. C., Huryn, A. D., Smock, L. A., & Wallace, J. B. (1999). Length-mass relationships for freshwater macroinvertebrates in North America with particular reference to the southeastern United States. Journal of the North American Benthological Society, 18(3), 308-343.",
64,,9,20/06/2023,amphipod,19,1.692,aria,1.692,0.02831751082,0.0058,3.015,,,dm_mg = a*length_mm^b,"Benke, A. C., Huryn, A. D., Smock, L. A., & Wallace, J. B. (1999). Length-mass relationships for freshwater macroinvertebrates in North America with particular reference to the southeastern United States. Journal of the North American Benthological Society, 18(3), 308-343.",
66,,9,20/06/2023,amphipod,21,1.471,aria,1.471,0.01856864451,0.0058,3.015,,,dm_mg = a*length_mm^b,"Benke, A. C., Huryn, A. D., Smock, L. A., & Wallace, J. B. (1999). Length-mass relationships for freshwater macroinvertebrates in North America with particular reference to the southeastern United States. Journal of the North American Benthological Society, 18(3), 308-343.",
67,,9,20/06/2023,amphipod,22,1.285,aria,1.285,0.01235295682,0.0058,3.015,,,dm_mg = a*length_mm^b,"Benke, A. C., Huryn, A. D., Smock, L. A., & Wallace, J. B. (1999). Length-mass relationships for freshwater macroinvertebrates in North America with particular reference to the southeastern United States. Journal of the North American Benthological Society, 18(3), 308-343.",
73,,9,20/06/2023,amphipod,28,2.123,aria,2.123,0.0561283436,0.0058,3.015,,,dm_mg = a*length_mm^b,"Benke, A. C., Huryn, A. D., Smock, L. A., & Wallace, J. B. (1999). Length-mass relationships for freshwater macroinvertebrates in North America with particular reference to the southeastern United States. Journal of the North American Benthological Society, 18(3), 308-343.",
74,,9,20/06/2023,amphipod,29,1.557,aria,1.557,0.02203830354,0.0058,3.015,,,dm_mg = a*length_mm^b,"Benke, A. C., Huryn, A. D., Smock, L. A., & Wallace, J. B. (1999). Length-mass relationships for freshwater macroinvertebrates in North America with particular reference to the southeastern United States. Journal of the North American Benthological Society, 18(3), 308-343.",
1,,20,20/06/2023,ceratopogonidae,1,7.314,aria,7.314,0.3400467239,0.0025,2.469,,,dm_mg = a*length_mm^b,"Benke, A. C., Huryn, A. D., Smock, L. A., & Wallace, J. B. (1999). Length-mass relationships for freshwater macroinvertebrates in North America with particular reference to the southeastern United States. Journal of the North American Benthological Society, 18(3), 308-343.",
37,,4,20/06/2023,ceratopogonidae,19,7.362,aria,7.362,0.3455832394,0.0025,2.469,,,dm_mg = a*length_mm^b,"Benke, A. C., Huryn, A. D., Smock, L. A., & Wallace, J. B. (1999). Length-mass relationships for freshwater macroinvertebrates in North America with particular reference to the southeastern United States. Journal of the North American Benthological Society, 18(3), 308-343.",
233,,7,21/06/2023,ceratopogonidae,47,6.634,aria,6.634,0.2672413378,0.0025,2.469,,,dm_mg = a*length_mm^b,"Benke, A. C., Huryn, A. D., Smock, L. A., & Wallace, J. B. (1999). Length-mass relationships for freshwater macroinvertebrates in North America with particular reference to the southeastern United States. Journal of the North American Benthological Society, 18(3), 308-343.",
23,,4,20/06/2023,chironomidae ,5,6.074,aria,6.074,0.2021277884,0.0018,2.617,,,dm_mg = a*length_mm^b,"Benke, A. C., Huryn, A. D., Smock, L. A., & Wallace, J. B. (1999). Length-mass relationships for freshwater macroinvertebrates in North America with particular reference to the southeastern United States. Journal of the North American Benthological Society, 18(3), 308-343.",
34,,4,20/06/2023,chironomidae ,16,9.188,aria,9.188,0.5970652932,0.0018,2.617,,,dm_mg = a*length_mm^b,"Benke, A. C., Huryn, A. D., Smock, L. A., & Wallace, J. B. (1999). Length-mass relationships for freshwater macroinvertebrates in North America with particular reference to the southeastern United States. Journal of the North American Benthological Society, 18(3), 308-343.",
35,,4,20/06/2023,chironomidae ,17,10.858,aria,10.858,0.9243359182,0.0018,2.617,,,dm_mg = a*length_mm^b,"Benke, A. C., Huryn, A. D., Smock, L. A., & Wallace, J. B. (1999). Length-mass relationships for freshwater macroinvertebrates in North America with particular reference to the southeastern United States. Journal of the North American Benthological Society, 18(3), 308-343.",
36,,4,20/06/2023,chironomidae ,18,9.011,aria,9.011,0.5674314711,0.0018,2.617,,,dm_mg = a*length_mm^b,"Benke, A. C., Huryn, A. D., Smock, L. A., & Wallace, J. B. (1999). Length-mass relationships for freshwater macroinvertebrates in North America with particular reference to the southeastern United States. Journal of the North American Benthological Society, 18(3), 308-343.",
47,,9,20/06/2023,chironomidae ,2,7.522,aria,7.522,0.3537014395,0.0018,2.617,,,dm_mg = a*length_mm^b,"Benke, A. C., Huryn, A. D., Smock, L. A., & Wallace, J. B. (1999). Length-mass relationships for freshwater macroinvertebrates in North America with particular reference to the southeastern United States. Journal of the North American Benthological Society, 18(3), 308-343.",
49,,9,20/06/2023,chironomidae ,4,4.672,aria,4.672,0.1017094772,0.0018,2.617,,,dm_mg = a*length_mm^b,"Benke, A. C., Huryn, A. D., Smock, L. A., & Wallace, J. B. (1999). Length-mass relationships for freshwater macroinvertebrates in North America with particular reference to the southeastern United States. Journal of the North American Benthological Society, 18(3), 308-343.",
50,,9,20/06/2023,chironomidae ,5,3.076,aria,3.076,0.03406690925,0.0018,2.617,,,dm_mg = a*length_mm^b,"Benke, A. C., Huryn, A. D., Smock, L. A., & Wallace, J. B. (1999). Length-mass relationships for freshwater macroinvertebrates in North America with particular reference to the southeastern United States. Journal of the North American Benthological Society, 18(3), 308-343.",
57,,9,20/06/2023,chironomidae ,12,3.76,aria,3.76,0.05761546818,0.0018,2.617,,,dm_mg = a*length_mm^b,"Benke, A. C., Huryn, A. D., Smock, L. A., & Wallace, J. B. (1999). Length-mass relationships for freshwater macroinvertebrates in North America with particular reference to the southeastern United States. Journal of the North American Benthological Society, 18(3), 308-343.",
58,,9,20/06/2023,chironomidae ,13,7.116,aria,7.116,0.3058961131,0.0018,2.617,,,dm_mg = a*length_mm^b,"Benke, A. C., Huryn, A. D., Smock, L. A., & Wallace, J. B. (1999). Length-mass relationships for freshwater macroinvertebrates in North America with particular reference to the southeastern United States. Journal of the North American Benthological Society, 18(3), 308-343.",
59,,9,20/06/2023,chironomidae ,14,10.834,aria,10.834,0.9189986565,0.0018,2.617,,,dm_mg = a*length_mm^b,"Benke, A. C., Huryn, A. D., Smock, L. A., & Wallace, J. B. (1999). Length-mass relationships for freshwater macroinvertebrates in North America with particular reference to the southeastern United States. Journal of the North American Benthological Society, 18(3), 308-343.",
63,,9,20/06/2023,chironomidae ,18,4.118,aria,4.118,0.07309819664,0.0018,2.617,,,dm_mg = a*length_mm^b,"Benke, A. C., Huryn, A. D., Smock, L. A., & Wallace, J. B. (1999). Length-mass relationships for freshwater macroinvertebrates in North America with particular reference to the southeastern United States. Journal of the North American Benthological Society, 18(3), 308-343.",
65,,9,20/06/2023,chironomidae ,20,1.732,aria,1.732,0.007577960325,0.0018,2.617,,,dm_mg = a*length_mm^b,"Benke, A. C., Huryn, A. D., Smock, L. A., & Wallace, J. B. (1999). Length-mass relationships for freshwater macroinvertebrates in North America with particular reference to the southeastern United States. Journal of the North American Benthological Society, 18(3), 308-343.",
71,,9,20/06/2023,chironomidae ,26,6.035,aria,6.035,0.1987489909,0.0018,2.617,,,dm_mg = a*length_mm^b,"Benke, A. C., Huryn, A. D., Smock, L. A., & Wallace, J. B. (1999). Length-mass relationships for freshwater macroinvertebrates in North America with particular reference to the southeastern United States. Journal of the North American Benthological Society, 18(3), 308-343.",
72,,9,20/06/2023,chironomidae ,27,3.254,aria,3.254,0.03947019116,0.0018,2.617,,,dm_mg = a*length_mm^b,"Benke, A. C., Huryn, A. D., Smock, L. A., & Wallace, J. B. (1999). Length-mass relationships for freshwater macroinvertebrates in North America with particular reference to the southeastern United States. Journal of the North American Benthological Society, 18(3), 308-343.",
76,,9,20/06/2023,chironomidae ,31,3.325,aria,3.325,0.04176391971,0.0018,2.617,,,dm_mg = a*length_mm^b,"Benke, A. C., Huryn, A. D., Smock, L. A., & Wallace, J. B. (1999). Length-mass relationships for freshwater macroinvertebrates in North America with particular reference to the southeastern United States. Journal of the North American Benthological Society, 18(3), 308-343.",
77,,9,20/06/2023,chironomidae ,32,6.568,aria,6.568,0.248024763,0.0018,2.617,,,dm_mg = a*length_mm^b,"Benke, A. C., Huryn, A. D., Smock, L. A., & Wallace, J. B. (1999). Length-mass relationships for freshwater macroinvertebrates in North America with particular reference to the southeastern United States. Journal of the North American Benthological Society, 18(3), 308-343.",
102,,24,20/06/2023,chironomidae ,13,10.001,aria,10.001,0.7453944491,0.0018,2.617,,,dm_mg = a*length_mm^b,"Benke, A. C., Huryn, A. D., Smock, L. A., & Wallace, J. B. (1999). Length-mass relationships for freshwater macroinvertebrates in North America with particular reference to the southeastern United States. Journal of the North American Benthological Society, 18(3), 308-343.",
131,,14,20/06/2023,chironomidae ,1,2.38,aria,2.38,0.01740902311,0.0018,2.617,,,dm_mg = a*length_mm^b,"Benke, A. C., Huryn, A. D., Smock, L. A., & Wallace, J. B. (1999). Length-mass relationships for freshwater macroinvertebrates in North America with particular reference to the southeastern United States. Journal of the North American Benthological Society, 18(3), 308-343.",
132,,14,20/06/2023,chironomidae ,2,5.429,aria,5.429,0.1506726167,0.0018,2.617,,,dm_mg = a*length_mm^b,"Benke, A. C., Huryn, A. D., Smock, L. A., & Wallace, J. B. (1999). Length-mass relationships for freshwater macroinvertebrates in North America with particular reference to the southeastern United States. Journal of the North American Benthological Society, 18(3), 308-343.",
13,,20,20/06/2023,chironomidae (head),13,0.949,aria,11.74862,1.136130216,0.0018,2.617,0.949,11.38,bl_mm = a + b*length_mm,"Stoffels, R. J., Karbe, S., & Paterson, R. A. (2003). Length‐mass models for some common New Zealand littoral‐benthic macroinvertebrates, with a note on within‐taxon variability in parameter values among published models. New Zealand Journal of Marine and Freshwater Research, 37(2), 449-460.",convert to body length (mm) then use length-weight regression
14,,20,20/06/2023,chironomidae (head),14,0.83,aria,10.3944,0.8245872237,0.0018,2.617,0.949,11.38,bl_mm = a + b*length_mm,"Stoffels, R. J., Karbe, S., & Paterson, R. A. (2003). Length‐mass models for some common New Zealand littoral‐benthic macroinvertebrates, with a note on within‐taxon variability in parameter values among published models. New Zealand Journal of Marine and Freshwater Research, 37(2), 449-460.",convert to body length (mm) then use length-weight regression
15,,20,20/06/2023,chironomidae (head),15,0.715,aria,9.0857,0.5798243089,0.0018,2.617,0.949,11.38,bl_mm = a + b*length_mm,"Stoffels, R. J., Karbe, S., & Paterson, R. A. (2003). Length‐mass models for some common New Zealand littoral‐benthic macroinvertebrates, with a note on within‐taxon variability in parameter values among published models. New Zealand Journal of Marine and Freshwater Research, 37(2), 449-460.",convert to body length (mm) then use length-weight regression
16,,20,20/06/2023,chironomidae (head),16,0.965,aria,11.9307,1.182788877,0.0018,2.617,0.949,11.38,bl_mm = a + b*length_mm,"Stoffels, R. J., Karbe, S., & Paterson, R. A. (2003). Length‐mass models for some common New Zealand littoral‐benthic macroinvertebrates, with a note on within‐taxon variability in parameter values among published models. New Zealand Journal of Marine and Freshwater Research, 37(2), 449-460.",convert to body length (mm) then use length-weight regression
17,,20,20/06/2023,chironomidae (head),17,0.993,aria,12.24934,1.267253248,0.0018,2.617,0.949,11.38,bl_mm = a + b*length_mm,"Stoffels, R. J., Karbe, S., & Paterson, R. A. (2003). Length‐mass models for some common New Zealand littoral‐benthic macroinvertebrates, with a note on within‐taxon variability in parameter values among published models. New Zealand Journal of Marine and Freshwater Research, 37(2), 449-460.",convert to body length (mm) then use length-weight regression
18,,20,20/06/2023,chironomidae (head),18,0.923,aria,11.45274,1.062767852,0.0018,2.617,0.949,11.38,bl_mm = a + b*length_mm,"Stoffels, R. J., Karbe, S., & Paterson, R. A. (2003). Length‐mass models for some common New Zealand littoral‐benthic macroinvertebrates, with a note on within‐taxon variability in parameter values among published models. New Zealand Journal of Marine and Freshwater Research, 37(2), 449-460.",convert to body length (mm) then use length-weight regression
41,,5,20/06/2023,chironomidae (head),3,1.065,aria,13.0687,1.501248775,0.0018,2.617,0.949,11.38,bl_mm = a + b*length_mm,"Stoffels, R. J., Karbe, S., & Paterson, R. A. (2003). Length‐mass models for some common New Zealand littoral‐benthic macroinvertebrates, with a note on within‐taxon variability in parameter values among published models. New Zealand Journal of Marine and Freshwater Research, 37(2), 449-460.",
42,,5,20/06/2023,chironomidae (head),4,0.746,aria,9.43848,0.6406062859,0.0018,2.617,0.949,11.38,bl_mm = a + b*length_mm,"Stoffels, R. J., Karbe, S., & Paterson, R. A. (2003). Length‐mass models for some common New Zealand littoral‐benthic macroinvertebrates, with a note on within‐taxon variability in parameter values among published models. New Zealand Journal of Marine and Freshwater Research, 37(2), 449-460.",
43,,5,20/06/2023,chironomidae (head),5,0.916,aria,11.37308,1.043531293,0.0018,2.617,0.949,11.38,bl_mm = a + b*length_mm,"Stoffels, R. J., Karbe, S., & Paterson, R. A. (2003). Length‐mass models for some common New Zealand littoral‐benthic macroinvertebrates, with a note on within‐taxon variability in parameter values among published models. New Zealand Journal of Marine and Freshwater Research, 37(2), 449-460.",
121,,15,20/06/2023,chironomidae (head),14,1.349,aria,16.30062,2.676767778,0.0018,2.617,0.949,11.38,bl_mm = a + b*length_mm,"Stoffels, R. J., Karbe, S., & Paterson, R. A. (2003). Length‐mass models for some common New Zealand littoral‐benthic macroinvertebrates, with a note on within‐taxon variability in parameter values among published models. New Zealand Journal of Marine and Freshwater Research, 37(2), 449-460.",
146,,14,20/06/2023,chironomidae (head),16,0.962,aria,11.89656,1.173951911,0.0018,2.617,0.949,11.38,bl_mm = a + b*length_mm,"Stoffels, R. J., Karbe, S., & Paterson, R. A. (2003). Length‐mass models for some common New Zealand littoral‐benthic macroinvertebrates, with a note on within‐taxon variability in parameter values among published models. New Zealand Journal of Marine and Freshwater Research, 37(2), 449-460.",
147,,14,20/06/2023,chironomidae (head),17,0.882,aria,10.98616,0.9531610279,0.0018,2.617,0.949,11.38,bl_mm = a + b*length_mm,"Stoffels, R. J., Karbe, S., & Paterson, R. A. (2003). Length‐mass models for some common New Zealand littoral‐benthic macroinvertebrates, with a note on within‐taxon variability in parameter values among published models. New Zealand Journal of Marine and Freshwater Research, 37(2), 449-460.",
148,,14,20/06/2023,chironomidae (head),18,0.805,aria,10.1099,0.7668228355,0.0018,2.617,0.949,11.38,bl_mm = a + b*length_mm,"Stoffels, R. J., Karbe, S., & Paterson, R. A. (2003). Length‐mass models for some common New Zealand littoral‐benthic macroinvertebrates, with a note on within‐taxon variability in parameter values among published models. New Zealand Journal of Marine and Freshwater Research, 37(2), 449-460.",
149,,14,20/06/2023,chironomidae (head),19,0.912,aria,11.32756,1.032636302,0.0018,2.617,0.949,11.38,bl_mm = a + b*length_mm,"Stoffels, R. J., Karbe, S., & Paterson, R. A. (2003). Length‐mass models for some common New Zealand littoral‐benthic macroinvertebrates, with a note on within‐taxon variability in parameter values among published models. New Zealand Journal of Marine and Freshwater Research, 37(2), 449-460.",
155,,14,20/06/2023,chironomidae (head),25,1.067,aria,13.09146,1.50810062,0.0018,2.617,0.949,11.38,bl_mm = a + b*length_mm,"Stoffels, R. J., Karbe, S., & Paterson, R. A. (2003). Length‐mass models for some common New Zealand littoral‐benthic macroinvertebrates, with a note on within‐taxon variability in parameter values among published models. New Zealand Journal of Marine and Freshwater Research, 37(2), 449-460.",
156,,18,21/06/2023,chironomidae (head),1,0.733,aria,9.29054,0.6146610463,0.0018,2.617,0.949,11.38,bl_mm = a + b*length_mm,"Stoffels, R. J., Karbe, S., & Paterson, R. A. (2003). Length‐mass models for some common New Zealand littoral‐benthic macroinvertebrates, with a note on within‐taxon variability in parameter values among published models. New Zealand Journal of Marine and Freshwater Research, 37(2), 449-460.",
161,,18,21/06/2023,chironomidae (head),6,1.161,aria,14.16118,1.852250615,0.0018,2.617,0.949,11.38,bl_mm = a + b*length_mm,"Stoffels, R. J., Karbe, S., & Paterson, R. A. (2003). Length‐mass models for some common New Zealand littoral‐benthic macroinvertebrates, with a note on within‐taxon variability in parameter values among published models. New Zealand Journal of Marine and Freshwater Research, 37(2), 449-460.",
162,,18,21/06/2023,chironomidae (head),7,1.549,aria,18.57662,3.768411774,0.0018,2.617,0.949,11.38,bl_mm = a + b*length_mm,"Stoffels, R. J., Karbe, S., & Paterson, R. A. (2003). Length‐mass models for some common New Zealand littoral‐benthic macroinvertebrates, with a note on within‐taxon variability in parameter values among published models. New Zealand Journal of Marine and Freshwater Research, 37(2), 449-460.",
169,,11,21/06/2023,chironomidae (head),6,0.821,aria,10.29198,0.803493216,0.0018,2.617,0.949,11.38,bl_mm = a + b*length_mm,"Stoffels, R. J., Karbe, S., & Paterson, R. A. (2003). Length‐mass models for some common New Zealand littoral‐benthic macroinvertebrates, with a note on within‐taxon variability in parameter values among published models. New Zealand Journal of Marine and Freshwater Research, 37(2), 449-460.",
170,,11,21/06/2023,chironomidae (head),7,0.898,aria,11.16824,0.9950583876,0.0018,2.617,0.949,11.38,bl_mm = a + b*length_mm,"Stoffels, R. J., Karbe, S., & Paterson, R. A. (2003). Length‐mass models for some common New Zealand littoral‐benthic macroinvertebrates, with a note on within‐taxon variability in parameter values among published models. New Zealand Journal of Marine and Freshwater Research, 37(2), 449-460.",
175,,11,21/06/2023,chironomidae (head),12,0.688,aria,8.77844,0.5299021691,0.0018,2.617,0.949,11.38,bl_mm = a + b*length_mm,"Stoffels, R. J., Karbe, S., & Paterson, R. A. (2003). Length‐mass models for some common New Zealand littoral‐benthic macroinvertebrates, with a note on within‐taxon variability in parameter values among published models. New Zealand Journal of Marine and Freshwater Research, 37(2), 449-460.",
183,,11,21/06/2023,chironomidae (head),20,0.874,aria,10.89512,0.9326285286,0.0018,2.617,0.949,11.38,bl_mm = a + b*length_mm,"Stoffels, R. J., Karbe, S., & Paterson, R. A. (2003). Length‐mass models for some common New Zealand littoral‐benthic macroinvertebrates, with a note on within‐taxon variability in parameter values among published models. New Zealand Journal of Marine and Freshwater Research, 37(2), 449-460.",
184,,11,21/06/2023,chironomidae (head),21,0.798,aria,10.03024,0.7511112072,0.0018,2.617,0.949,11.38,bl_mm = a + b*length_mm,"Stoffels, R. J., Karbe, S., & Paterson, R. A. (2003). Length‐mass models for some common New Zealand littoral‐benthic macroinvertebrates, with a note on within‐taxon variability in parameter values among published models. New Zealand Journal of Marine and Freshwater Research, 37(2), 449-460.",
186,,11,21/06/2023,chironomidae (head),23,0.721,aria,9.15398,0.5912971264,0.0018,2.617,0.949,11.38,bl_mm = a + b*length_mm,"Stoffels, R. J., Karbe, S., & Paterson, R. A. (2003). Length‐mass models for some common New Zealand littoral‐benthic macroinvertebrates, with a note on within‐taxon variability in parameter values among published models. New Zealand Journal of Marine and Freshwater Research, 37(2), 449-460.",
214,,7,21/06/2023,chironomidae (head),28,0.946,aria,11.71448,1.127510607,0.0018,2.617,0.949,11.38,bl_mm = a + b*length_mm,"Stoffels, R. J., Karbe, S., & Paterson, R. A. (2003). Length‐mass models for some common New Zealand littoral‐benthic macroinvertebrates, with a note on within‐taxon variability in parameter values among published models. New Zealand Journal of Marine and Freshwater Research, 37(2), 449-460.",
215,,7,21/06/2023,chironomidae (head),29,0.663,aria,8.49394,0.4861286896,0.0018,2.617,0.949,11.38,bl_mm = a + b*length_mm,"Stoffels, R. J., Karbe, S., & Paterson, R. A. (2003). Length‐mass models for some common New Zealand littoral‐benthic macroinvertebrates, with a note on within‐taxon variability in parameter values among published models. New Zealand Journal of Marine and Freshwater Research, 37(2), 449-460.",
216,,7,21/06/2023,chironomidae (head),30,0.606,aria,7.84528,0.3948778871,0.0018,2.617,0.949,11.38,bl_mm = a + b*length_mm,"Stoffels, R. J., Karbe, S., & Paterson, R. A. (2003). Length‐mass models for some common New Zealand littoral‐benthic macroinvertebrates, with a note on within‐taxon variability in parameter values among published models. New Zealand Journal of Marine and Freshwater Research, 37(2), 449-460.",
217,,7,21/06/2023,chironomidae (head),31,0.615,aria,7.9477,0.4085116256,0.0018,2.617,0.949,11.38,bl_mm = a + b*length_mm,"Stoffels, R. J., Karbe, S., & Paterson, R. A. (2003). Length‐mass models for some common New Zealand littoral‐benthic macroinvertebrates, with a note on within‐taxon variability in parameter values among published models. New Zealand Journal of Marine and Freshwater Research, 37(2), 449-460.",
235,,1,21/06/2023,chironomidae (head),2,0.436,aria,5.91068,0.1882121715,0.0018,2.617,0.949,11.38,bl_mm = a + b*length_mm,"Stoffels, R. J., Karbe, S., & Paterson, R. A. (2003). Length‐mass models for some common New Zealand littoral‐benthic macroinvertebrates, with a note on within‐taxon variability in parameter values among published models. New Zealand Journal of Marine and Freshwater Research, 37(2), 449-460.",
134,,14,20/06/2023,chironomidae (head) ,4,1.026,aria,12.62488,1.371463461,0.0018,2.617,0.949,11.38,bl_mm = a + b*length_mm,"Stoffels, R. J., Karbe, S., & Paterson, R. A. (2003). Length‐mass models for some common New Zealand littoral‐benthic macroinvertebrates, with a note on within‐taxon variability in parameter values among published models. New Zealand Journal of Marine and Freshwater Research, 37(2), 449-460.",
2,,20,20/06/2023,chironomidae (pupae),2,2.228,aria,2.228,0.01464760258,0.0018,2.617,,,dm_mg = a*length_mm^b,"Benke, A. C., Huryn, A. D., Smock, L. A., & Wallace, J. B. (1999). Length-mass relationships for freshwater macroinvertebrates in North America with particular reference to the southeastern United States. Journal of the North American Benthological Society, 18(3), 308-343.",
3,,20,20/06/2023,chironomidae (pupae),3,2.445,aria,2.445,0.0186809213,0.0018,2.617,,,dm_mg = a*length_mm^b,"Benke, A. C., Huryn, A. D., Smock, L. A., & Wallace, J. B. (1999). Length-mass relationships for freshwater macroinvertebrates in North America with particular reference to the southeastern United States. Journal of the North American Benthological Society, 18(3), 308-343.",
4,,20,20/06/2023,chironomidae (pupae),4,1.472,aria,1.472,0.00495093522,0.0018,2.617,,,dm_mg = a*length_mm^b,"Benke, A. C., Huryn, A. D., Smock, L. A., & Wallace, J. B. (1999). Length-mass relationships for freshwater macroinvertebrates in North America with particular reference to the southeastern United States. Journal of the North American Benthological Society, 18(3), 308-343.",
5,,20,20/06/2023,chironomidae (pupae),5,2.181,aria,2.181,0.0138526985,0.0018,2.617,,,dm_mg = a*length_mm^b,"Benke, A. C., Huryn, A. D., Smock, L. A., & Wallace, J. B. (1999). Length-mass relationships for freshwater macroinvertebrates in North America with particular reference to the southeastern United States. Journal of the North American Benthological Society, 18(3), 308-343.",
6,,20,20/06/2023,chironomidae (pupae),6,1.745,aria,1.745,0.007727715925,0.0018,2.617,,,dm_mg = a*length_mm^b,"Benke, A. C., Huryn, A. D., Smock, L. A., & Wallace, J. B. (1999). Length-mass relationships for freshwater macroinvertebrates in North America with particular reference to the southeastern United States. Journal of the North American Benthological Society, 18(3), 308-343.",
7,,20,20/06/2023,chironomidae (pupae),7,1.921,aria,1.921,0.009937190579,0.0018,2.617,,,dm_mg = a*length_mm^b,"Benke, A. C., Huryn, A. D., Smock, L. A., & Wallace, J. B. (1999). Length-mass relationships for freshwater macroinvertebrates in North America with particular reference to the southeastern United States. Journal of the North American Benthological Society, 18(3), 308-343.",
8,,20,20/06/2023,chironomidae (pupae),8,2.355,aria,2.355,0.01693451334,0.0018,2.617,,,dm_mg = a*length_mm^b,"Benke, A. C., Huryn, A. D., Smock, L. A., & Wallace, J. B. (1999). Length-mass relationships for freshwater macroinvertebrates in North America with particular reference to the southeastern United States. Journal of the North American Benthological Society, 18(3), 308-343.",
9,,20,20/06/2023,chironomidae (pupae),9,2.019,aria,2.019,0.01131916138,0.0018,2.617,,,dm_mg = a*length_mm^b,"Benke, A. C., Huryn, A. D., Smock, L. A., & Wallace, J. B. (1999). Length-mass relationships for freshwater macroinvertebrates in North America with particular reference to the southeastern United States. Journal of the North American Benthological Society, 18(3), 308-343.",
10,,20,20/06/2023,chironomidae (pupae),10,2.148,aria,2.148,0.01331086283,0.0018,2.617,,,dm_mg = a*length_mm^b,"Benke, A. C., Huryn, A. D., Smock, L. A., & Wallace, J. B. (1999). Length-mass relationships for freshwater macroinvertebrates in North America with particular reference to the southeastern United States. Journal of the North American Benthological Society, 18(3), 308-343.",
11,,20,20/06/2023,chironomidae (pupae),11,1.548,aria,1.548,0.005648109371,0.0018,2.617,,,dm_mg = a*length_mm^b,"Benke, A. C., Huryn, A. D., Smock, L. A., & Wallace, J. B. (1999). Length-mass relationships for freshwater macroinvertebrates in North America with particular reference to the southeastern United States. Journal of the North American Benthological Society, 18(3), 308-343.",
12,,20,20/06/2023,chironomidae (pupae),12,1.957,aria,1.957,0.01043195478,0.0018,2.617,,,dm_mg = a*length_mm^b,"Benke, A. C., Huryn, A. D., Smock, L. A., & Wallace, J. B. (1999). Length-mass relationships for freshwater macroinvertebrates in North America with particular reference to the southeastern United States. Journal of the North American Benthological Society, 18(3), 308-343.",
19,,4,20/06/2023,chironomidae (pupae),1,7.065,aria,7.065,0.3001919514,0.0018,2.617,,,dm_mg = a*length_mm^b,"Benke, A. C., Huryn, A. D., Smock, L. A., & Wallace, J. B. (1999). Length-mass relationships for freshwater macroinvertebrates in North America with particular reference to the southeastern United States. Journal of the North American Benthological Society, 18(3), 308-343.",
20,,4,20/06/2023,chironomidae (pupae),2,3.313,aria,3.313,0.04137061746,0.0018,2.617,,,dm_mg = a*length_mm^b,"Benke, A. C., Huryn, A. D., Smock, L. A., & Wallace, J. B. (1999). Length-mass relationships for freshwater macroinvertebrates in North America with particular reference to the southeastern United States. Journal of the North American Benthological Society, 18(3), 308-343.",
21,,4,20/06/2023,chironomidae (pupae),3,8.219,aria,8.219,0.4460194285,0.0018,2.617,,,dm_mg = a*length_mm^b,"Benke, A. C., Huryn, A. D., Smock, L. A., & Wallace, J. B. (1999). Length-mass relationships for freshwater macroinvertebrates in North America with particular reference to the southeastern United States. Journal of the North American Benthological Society, 18(3), 308-343.",
22,,4,20/06/2023,chironomidae (pupae),4,2.162,aria,2.162,0.01353910152,0.0018,2.617,,,dm_mg = a*length_mm^b,"Benke, A. C., Huryn, A. D., Smock, L. A., & Wallace, J. B. (1999). Length-mass relationships for freshwater macroinvertebrates in North America with particular reference to the southeastern United States. Journal of the North American Benthological Society, 18(3), 308-343.",
24,,4,20/06/2023,chironomidae (pupae),6,7.373,aria,7.373,0.3356583576,0.0018,2.617,,,dm_mg = a*length_mm^b,"Benke, A. C., Huryn, A. D., Smock, L. A., & Wallace, J. B. (1999). Length-mass relationships for freshwater macroinvertebrates in North America with particular reference to the southeastern United States. Journal of the North American Benthological Society, 18(3), 308-343.",
40,,5,20/06/2023,chironomidae (pupae),2,4.603,aria,4.603,0.09782519818,0.0018,2.617,,,dm_mg = a*length_mm^b,"Benke, A. C., Huryn, A. D., Smock, L. A., & Wallace, J. B. (1999). Length-mass relationships for freshwater macroinvertebrates in North America with particular reference to the southeastern United States. Journal of the North American Benthological Society, 18(3), 308-343.",
53,,9,20/06/2023,chironomidae (pupae),8,8.338,aria,8.338,0.4631177998,0.0018,2.617,,,dm_mg = a*length_mm^b,"Benke, A. C., Huryn, A. D., Smock, L. A., & Wallace, J. B. (1999). Length-mass relationships for freshwater macroinvertebrates in North America with particular reference to the southeastern United States. Journal of the North American Benthological Society, 18(3), 308-343.",
54,,9,20/06/2023,chironomidae (pupae),9,3.099,aria,3.099,0.03473756482,0.0018,2.617,,,dm_mg = a*length_mm^b,"Benke, A. C., Huryn, A. D., Smock, L. A., & Wallace, J. B. (1999). Length-mass relationships for freshwater macroinvertebrates in North America with particular reference to the southeastern United States. Journal of the North American Benthological Society, 18(3), 308-343.",
55,,9,20/06/2023,chironomidae (pupae),10,2.552,aria,2.552,0.02089677269,0.0018,2.617,,,dm_mg = a*length_mm^b,"Benke, A. C., Huryn, A. D., Smock, L. A., & Wallace, J. B. (1999). Length-mass relationships for freshwater macroinvertebrates in North America with particular reference to the southeastern United States. Journal of the North American Benthological Society, 18(3), 308-343.",
62,,9,20/06/2023,chironomidae (pupae),17,7.564,aria,7.564,0.358893203,0.0018,2.617,,,dm_mg = a*length_mm^b,"Benke, A. C., Huryn, A. D., Smock, L. A., & Wallace, J. B. (1999). Length-mass relationships for freshwater macroinvertebrates in North America with particular reference to the southeastern United States. Journal of the North American Benthological Society, 18(3), 308-343.",
68,,9,20/06/2023,chironomidae (pupae),23,2.766,aria,2.766,0.02579880852,0.0018,2.617,,,dm_mg = a*length_mm^b,"Benke, A. C., Huryn, A. D., Smock, L. A., & Wallace, J. B. (1999). Length-mass relationships for freshwater macroinvertebrates in North America with particular reference to the southeastern United States. Journal of the North American Benthological Society, 18(3), 308-343.",
69,,9,20/06/2023,chironomidae (pupae),24,3.37,aria,3.37,0.04325934662,0.0018,2.617,,,dm_mg = a*length_mm^b,"Benke, A. C., Huryn, A. D., Smock, L. A., & Wallace, J. B. (1999). Length-mass relationships for freshwater macroinvertebrates in North America with particular reference to the southeastern United States. Journal of the North American Benthological Society, 18(3), 308-343.",
70,,9,20/06/2023,chironomidae (pupae),25,3.306,aria,3.306,0.04114225215,0.0018,2.617,,,dm_mg = a*length_mm^b,"Benke, A. C., Huryn, A. D., Smock, L. A., & Wallace, J. B. (1999). Length-mass relationships for freshwater macroinvertebrates in North America with particular reference to the southeastern United States. Journal of the North American Benthological Society, 18(3), 308-343.",
79,,19,20/06/2023,chironomidae (pupae),2,3.677,aria,3.677,0.05434621899,0.0018,2.617,,,dm_mg = a*length_mm^b,"Benke, A. C., Huryn, A. D., Smock, L. A., & Wallace, J. B. (1999). Length-mass relationships for freshwater macroinvertebrates in North America with particular reference to the southeastern United States. Journal of the North American Benthological Society, 18(3), 308-343.",
80,,19,20/06/2023,chironomidae (pupae),3,2.741,aria,2.741,0.02519303274,0.0018,2.617,,,dm_mg = a*length_mm^b,"Benke, A. C., Huryn, A. D., Smock, L. A., & Wallace, J. B. (1999). Length-mass relationships for freshwater macroinvertebrates in North America with particular reference to the southeastern United States. Journal of the North American Benthological Society, 18(3), 308-343.",
81,,19,20/06/2023,chironomidae (pupae),4,2.626,aria,2.626,0.02251991733,0.0018,2.617,,,dm_mg = a*length_mm^b,"Benke, A. C., Huryn, A. D., Smock, L. A., & Wallace, J. B. (1999). Length-mass relationships for freshwater macroinvertebrates in North America with particular reference to the southeastern United States. Journal of the North American Benthological Society, 18(3), 308-343.",
82,,19,20/06/2023,chironomidae (pupae),5,1.821,aria,1.821,0.008639798886,0.0018,2.617,,,dm_mg = a*length_mm^b,"Benke, A. C., Huryn, A. D., Smock, L. A., & Wallace, J. B. (1999). Length-mass relationships for freshwater macroinvertebrates in North America with particular reference to the southeastern United States. Journal of the North American Benthological Society, 18(3), 308-343.",
83,,19,20/06/2023,chironomidae (pupae),6,3.867,aria,3.867,0.06200557132,0.0018,2.617,,,dm_mg = a*length_mm^b,"Benke, A. C., Huryn, A. D., Smock, L. A., & Wallace, J. B. (1999). Length-mass relationships for freshwater macroinvertebrates in North America with particular reference to the southeastern United States. Journal of the North American Benthological Society, 18(3), 308-343.",
84,,19,20/06/2023,chironomidae (pupae),7,2.399,aria,2.399,0.01777508409,0.0018,2.617,,,dm_mg = a*length_mm^b,"Benke, A. C., Huryn, A. D., Smock, L. A., & Wallace, J. B. (1999). Length-mass relationships for freshwater macroinvertebrates in North America with particular reference to the southeastern United States. Journal of the North American Benthological Society, 18(3), 308-343.",
85,,19,20/06/2023,chironomidae (pupae),8,2.27,aria,2.27,0.01538126921,0.0018,2.617,,,dm_mg = a*length_mm^b,"Benke, A. C., Huryn, A. D., Smock, L. A., & Wallace, J. B. (1999). Length-mass relationships for freshwater macroinvertebrates in North America with particular reference to the southeastern United States. Journal of the North American Benthological Society, 18(3), 308-343.",
86,,19,20/06/2023,chironomidae (pupae),9,2.795,aria,2.795,0.02651268474,0.0018,2.617,,,dm_mg = a*length_mm^b,"Benke, A. C., Huryn, A. D., Smock, L. A., & Wallace, J. B. (1999). Length-mass relationships for freshwater macroinvertebrates in North America with particular reference to the southeastern United States. Journal of the North American Benthological Society, 18(3), 308-343.",
87,,19,20/06/2023,chironomidae (pupae),10,2.891,aria,2.891,0.02896245427,0.0018,2.617,,,dm_mg = a*length_mm^b,"Benke, A. C., Huryn, A. D., Smock, L. A., & Wallace, J. B. (1999). Length-mass relationships for freshwater macroinvertebrates in North America with particular reference to the southeastern United States. Journal of the North American Benthological Society, 18(3), 308-343.",
88,,19,20/06/2023,chironomidae (pupae),11,3.024,aria,3.024,0.03258029717,0.0018,2.617,,,dm_mg = a*length_mm^b,"Benke, A. C., Huryn, A. D., Smock, L. A., & Wallace, J. B. (1999). Length-mass relationships for freshwater macroinvertebrates in North America with particular reference to the southeastern United States. Journal of the North American Benthological Society, 18(3), 308-343.",
89,,19,20/06/2023,chironomidae (pupae),12,1.981,aria,1.981,0.01077008616,0.0018,2.617,,,dm_mg = a*length_mm^b,"Benke, A. C., Huryn, A. D., Smock, L. A., & Wallace, J. B. (1999). Length-mass relationships for freshwater macroinvertebrates in North America with particular reference to the southeastern United States. Journal of the North American Benthological Society, 18(3), 308-343.",
90,,24,20/06/2023,chironomidae (pupae),1,3.901,aria,3.901,0.06344245307,0.0018,2.617,,,dm_mg = a*length_mm^b,"Benke, A. C., Huryn, A. D., Smock, L. A., & Wallace, J. B. (1999). Length-mass relationships for freshwater macroinvertebrates in North America with particular reference to the southeastern United States. Journal of the North American Benthological Society, 18(3), 308-343.",
91,,24,20/06/2023,chironomidae (pupae),2,1.622,aria,1.622,0.006382275971,0.0018,2.617,,,dm_mg = a*length_mm^b,"Benke, A. C., Huryn, A. D., Smock, L. A., & Wallace, J. B. (1999). Length-mass relationships for freshwater macroinvertebrates in North America with particular reference to the southeastern United States. Journal of the North American Benthological Society, 18(3), 308-343.",
92,,24,20/06/2023,chironomidae (pupae),3,2.576,aria,2.576,0.02141498711,0.0018,2.617,,,dm_mg = a*length_mm^b,"Benke, A. C., Huryn, A. D., Smock, L. A., & Wallace, J. B. (1999). Length-mass relationships for freshwater macroinvertebrates in North America with particular reference to the southeastern United States. Journal of the North American Benthological Society, 18(3), 308-343.",
93,,24,20/06/2023,chironomidae (pupae),4,2.529,aria,2.529,0.02040748996,0.0018,2.617,,,dm_mg = a*length_mm^b,"Benke, A. C., Huryn, A. D., Smock, L. A., & Wallace, J. B. (1999). Length-mass relationships for freshwater macroinvertebrates in North America with particular reference to the southeastern United States. Journal of the North American Benthological Society, 18(3), 308-343.",
94,,24,20/06/2023,chironomidae (pupae),5,3.011,aria,3.011,0.0322150309,0.0018,2.617,,,dm_mg = a*length_mm^b,"Benke, A. C., Huryn, A. D., Smock, L. A., & Wallace, J. B. (1999). Length-mass relationships for freshwater macroinvertebrates in North America with particular reference to the southeastern United States. Journal of the North American Benthological Society, 18(3), 308-343.",
95,,24,20/06/2023,chironomidae (pupae),6,5.847,aria,5.847,0.1829516841,0.0018,2.617,,,dm_mg = a*length_mm^b,"Benke, A. C., Huryn, A. D., Smock, L. A., & Wallace, J. B. (1999). Length-mass relationships for freshwater macroinvertebrates in North America with particular reference to the southeastern United States. Journal of the North American Benthological Society, 18(3), 308-343.",
96,,24,20/06/2023,chironomidae (pupae),7,2.633,aria,2.633,0.02267735524,0.0018,2.617,,,dm_mg = a*length_mm^b,"Benke, A. C., Huryn, A. D., Smock, L. A., & Wallace, J. B. (1999). Length-mass relationships for freshwater macroinvertebrates in North America with particular reference to the southeastern United States. Journal of the North American Benthological Society, 18(3), 308-343.",
97,,24,20/06/2023,chironomidae (pupae),8,3.136,aria,3.136,0.03583345123,0.0018,2.617,,,dm_mg = a*length_mm^b,"Benke, A. C., Huryn, A. D., Smock, L. A., & Wallace, J. B. (1999). Length-mass relationships for freshwater macroinvertebrates in North America with particular reference to the southeastern United States. Journal of the North American Benthological Society, 18(3), 308-343.",
98,,24,20/06/2023,chironomidae (pupae),9,4.552,aria,4.552,0.09501404383,0.0018,2.617,,,dm_mg = a*length_mm^b,"Benke, A. C., Huryn, A. D., Smock, L. A., & Wallace, J. B. (1999). Length-mass relationships for freshwater macroinvertebrates in North America with particular reference to the southeastern United States. Journal of the North American Benthological Society, 18(3), 308-343.",
99,,24,20/06/2023,chironomidae (pupae),10,5.583,aria,5.583,0.1621157042,0.0018,2.617,,,dm_mg = a*length_mm^b,"Benke, A. C., Huryn, A. D., Smock, L. A., & Wallace, J. B. (1999). Length-mass relationships for freshwater macroinvertebrates in North America with particular reference to the southeastern United States. Journal of the North American Benthological Society, 18(3), 308-343.",
100,,24,20/06/2023,chironomidae (pupae),11,5.22,aria,5.22,0.1359615827,0.0018,2.617,,,dm_mg = a*length_mm^b,"Benke, A. C., Huryn, A. D., Smock, L. A., & Wallace, J. B. (1999). Length-mass relationships for freshwater macroinvertebrates in North America with particular reference to the southeastern United States. Journal of the North American Benthological Society, 18(3), 308-343.",
101,,24,20/06/2023,chironomidae (pupae),12,9.008,aria,9.008,0.566937219,0.0018,2.617,,,dm_mg = a*length_mm^b,"Benke, A. C., Huryn, A. D., Smock, L. A., & Wallace, J. B. (1999). Length-mass relationships for freshwater macroinvertebrates in North America with particular reference to the southeastern United States. Journal of the North American Benthological Society, 18(3), 308-343.",
103,,24,20/06/2023,chironomidae (pupae),14,2.414,aria,2.414,0.01806741123,0.0018,2.617,,,dm_mg = a*length_mm^b,"Benke, A. C., Huryn, A. D., Smock, L. A., & Wallace, J. B. (1999). Length-mass relationships for freshwater macroinvertebrates in North America with particular reference to the southeastern United States. Journal of the North American Benthological Society, 18(3), 308-343.",
104,,24,20/06/2023,chironomidae (pupae),15,2.391,aria,2.391,0.01762037942,0.0018,2.617,,,dm_mg = a*length_mm^b,"Benke, A. C., Huryn, A. D., Smock, L. A., & Wallace, J. B. (1999). Length-mass relationships for freshwater macroinvertebrates in North America with particular reference to the southeastern United States. Journal of the North American Benthological Society, 18(3), 308-343.",
105,,24,20/06/2023,chironomidae (pupae),16,10.29,aria,10.29,0.8030887476,0.0018,2.617,,,dm_mg = a*length_mm^b,"Benke, A. C., Huryn, A. D., Smock, L. A., & Wallace, J. B. (1999). Length-mass relationships for freshwater macroinvertebrates in North America with particular reference to the southeastern United States. Journal of the North American Benthological Society, 18(3), 308-343.",
106,,24,20/06/2023,chironomidae (pupae),17,9.044,aria,9.044,0.5728858217,0.0018,2.617,,,dm_mg = a*length_mm^b,"Benke, A. C., Huryn, A. D., Smock, L. A., & Wallace, J. B. (1999). Length-mass relationships for freshwater macroinvertebrates in North America with particular reference to the southeastern United States. Journal of the North American Benthological Society, 18(3), 308-343.",
107,,24,20/06/2023,chironomidae (pupae),18,2.557,aria,2.557,0.02100408757,0.0018,2.617,,,dm_mg = a*length_mm^b,"Benke, A. C., Huryn, A. D., Smock, L. A., & Wallace, J. B. (1999). Length-mass relationships for freshwater macroinvertebrates in North America with particular reference to the southeastern United States. Journal of the North American Benthological Society, 18(3), 308-343.",
108,,15,20/06/2023,chironomidae (pupae),1,2.074,aria,2.074,0.01214397905,0.0018,2.617,,,dm_mg = a*length_mm^b,"Benke, A. C., Huryn, A. D., Smock, L. A., & Wallace, J. B. (1999). Length-mass relationships for freshwater macroinvertebrates in North America with particular reference to the southeastern United States. Journal of the North American Benthological Society, 18(3), 308-343.",
109,,15,20/06/2023,chironomidae (pupae),2,3.717,aria,3.717,0.05590703206,0.0018,2.617,,,dm_mg = a*length_mm^b,"Benke, A. C., Huryn, A. D., Smock, L. A., & Wallace, J. B. (1999). Length-mass relationships for freshwater macroinvertebrates in North America with particular reference to the southeastern United States. Journal of the North American Benthological Society, 18(3), 308-343.",
110,,15,20/06/2023,chironomidae (pupae),3,2.715,aria,2.715,0.02457243305,0.0018,2.617,,,dm_mg = a*length_mm^b,"Benke, A. C., Huryn, A. D., Smock, L. A., & Wallace, J. B. (1999). Length-mass relationships for freshwater macroinvertebrates in North America with particular reference to the southeastern United States. Journal of the North American Benthological Society, 18(3), 308-343.",
111,,15,20/06/2023,chironomidae (pupae),4,1.176,aria,1.176,0.002751239931,0.0018,2.617,,,dm_mg = a*length_mm^b,"Benke, A. C., Huryn, A. D., Smock, L. A., & Wallace, J. B. (1999). Length-mass relationships for freshwater macroinvertebrates in North America with particular reference to the southeastern United States. Journal of the North American Benthological Society, 18(3), 308-343.",
112,,15,20/06/2023,chironomidae (pupae),5,2.36,aria,2.36,0.01702876754,0.0018,2.617,,,dm_mg = a*length_mm^b,"Benke, A. C., Huryn, A. D., Smock, L. A., & Wallace, J. B. (1999). Length-mass relationships for freshwater macroinvertebrates in North America with particular reference to the southeastern United States. Journal of the North American Benthological Society, 18(3), 308-343.",
113,,15,20/06/2023,chironomidae (pupae),6,3.023,aria,3.023,0.03255210939,0.0018,2.617,,,dm_mg = a*length_mm^b,"Benke, A. C., Huryn, A. D., Smock, L. A., & Wallace, J. B. (1999). Length-mass relationships for freshwater macroinvertebrates in North America with particular reference to the southeastern United States. Journal of the North American Benthological Society, 18(3), 308-343.",
114,,15,20/06/2023,chironomidae (pupae),7,2.355,aria,2.355,0.01693451334,0.0018,2.617,,,dm_mg = a*length_mm^b,"Benke, A. C., Huryn, A. D., Smock, L. A., & Wallace, J. B. (1999). Length-mass relationships for freshwater macroinvertebrates in North America with particular reference to the southeastern United States. Journal of the North American Benthological Society, 18(3), 308-343.",
115,,15,20/06/2023,chironomidae (pupae),8,2.723,aria,2.723,0.02476236851,0.0018,2.617,,,dm_mg = a*length_mm^b,"Benke, A. C., Huryn, A. D., Smock, L. A., & Wallace, J. B. (1999). Length-mass relationships for freshwater macroinvertebrates in North America with particular reference to the southeastern United States. Journal of the North American Benthological Society, 18(3), 308-343.",
116,,15,20/06/2023,chironomidae (pupae),9,2.531,aria,2.531,0.02044975216,0.0018,2.617,,,dm_mg = a*length_mm^b,"Benke, A. C., Huryn, A. D., Smock, L. A., & Wallace, J. B. (1999). Length-mass relationships for freshwater macroinvertebrates in North America with particular reference to the southeastern United States. Journal of the North American Benthological Society, 18(3), 308-343.",
117,,15,20/06/2023,chironomidae (pupae),10,1.567,aria,1.567,0.005831336037,0.0018,2.617,,,dm_mg = a*length_mm^b,"Benke, A. C., Huryn, A. D., Smock, L. A., & Wallace, J. B. (1999). Length-mass relationships for freshwater macroinvertebrates in North America with particular reference to the southeastern United States. Journal of the North American Benthological Society, 18(3), 308-343.",
118,,15,20/06/2023,chironomidae (pupae),11,2.538,aria,2.538,0.02059809557,0.0018,2.617,,,dm_mg = a*length_mm^b,"Benke, A. C., Huryn, A. D., Smock, L. A., & Wallace, J. B. (1999). Length-mass relationships for freshwater macroinvertebrates in North America with particular reference to the southeastern United States. Journal of the North American Benthological Society, 18(3), 308-343.",
119,,15,20/06/2023,chironomidae (pupae),12,2.088,aria,2.088,0.01235967949,0.0018,2.617,,,dm_mg = a*length_mm^b,"Benke, A. C., Huryn, A. D., Smock, L. A., & Wallace, J. B. (1999). Length-mass relationships for freshwater macroinvertebrates in North America with particular reference to the southeastern United States. Journal of the North American Benthological Society, 18(3), 308-343.",
120,,15,20/06/2023,chironomidae (pupae),13,9.656,aria,9.656,0.6799655764,0.0018,2.617,,,dm_mg = a*length_mm^b,"Benke, A. C., Huryn, A. D., Smock, L. A., & Wallace, J. B. (1999). Length-mass relationships for freshwater macroinvertebrates in North America with particular reference to the southeastern United States. Journal of the North American Benthological Society, 18(3), 308-343.",
122,,15,20/06/2023,chironomidae (pupae),15,1.598,aria,1.598,0.006138085381,0.0018,2.617,,,dm_mg = a*length_mm^b,"Benke, A. C., Huryn, A. D., Smock, L. A., & Wallace, J. B. (1999). Length-mass relationships for freshwater macroinvertebrates in North America with particular reference to the southeastern United States. Journal of the North American Benthological Society, 18(3), 308-343.",
123,,15,20/06/2023,chironomidae (pupae),16,2.694,aria,2.694,0.02407814369,0.0018,2.617,,,dm_mg = a*length_mm^b,"Benke, A. C., Huryn, A. D., Smock, L. A., & Wallace, J. B. (1999). Length-mass relationships for freshwater macroinvertebrates in North America with particular reference to the southeastern United States. Journal of the North American Benthological Society, 18(3), 308-343.",
124,,15,20/06/2023,chironomidae (pupae),17,1.295,aria,1.295,0.00354064585,0.0018,2.617,,,dm_mg = a*length_mm^b,"Benke, A. C., Huryn, A. D., Smock, L. A., & Wallace, J. B. (1999). Length-mass relationships for freshwater macroinvertebrates in North America with particular reference to the southeastern United States. Journal of the North American Benthological Society, 18(3), 308-343.",
125,,15,20/06/2023,chironomidae (pupae),18,1.268,aria,1.268,0.003350700355,0.0018,2.617,,,dm_mg = a*length_mm^b,"Benke, A. C., Huryn, A. D., Smock, L. A., & Wallace, J. B. (1999). Length-mass relationships for freshwater macroinvertebrates in North America with particular reference to the southeastern United States. Journal of the North American Benthological Society, 18(3), 308-343.",
126,,15,20/06/2023,chironomidae (pupae),19,2.609,aria,2.609,0.02214038508,0.0018,2.617,,,dm_mg = a*length_mm^b,"Benke, A. C., Huryn, A. D., Smock, L. A., & Wallace, J. B. (1999). Length-mass relationships for freshwater macroinvertebrates in North America with particular reference to the southeastern United States. Journal of the North American Benthological Society, 18(3), 308-343.",
127,,15,20/06/2023,chironomidae (pupae),20,3.017,aria,3.017,0.03238329915,0.0018,2.617,,,dm_mg = a*length_mm^b,"Benke, A. C., Huryn, A. D., Smock, L. A., & Wallace, J. B. (1999). Length-mass relationships for freshwater macroinvertebrates in North America with particular reference to the southeastern United States. Journal of the North American Benthological Society, 18(3), 308-343.",
128,,15,20/06/2023,chironomidae (pupae),21,2.722,aria,2.722,0.02473857715,0.0018,2.617,,,dm_mg = a*length_mm^b,"Benke, A. C., Huryn, A. D., Smock, L. A., & Wallace, J. B. (1999). Length-mass relationships for freshwater macroinvertebrates in North America with particular reference to the southeastern United States. Journal of the North American Benthological Society, 18(3), 308-343.",
129,,15,20/06/2023,chironomidae (pupae),22,2.608,aria,2.608,0.02211818369,0.0018,2.617,,,dm_mg = a*length_mm^b,"Benke, A. C., Huryn, A. D., Smock, L. A., & Wallace, J. B. (1999). Length-mass relationships for freshwater macroinvertebrates in North America with particular reference to the southeastern United States. Journal of the North American Benthological Society, 18(3), 308-343.",
130,,15,20/06/2023,chironomidae (pupae),23,1.974,aria,1.974,0.01067077573,0.0018,2.617,,,dm_mg = a*length_mm^b,"Benke, A. C., Huryn, A. D., Smock, L. A., & Wallace, J. B. (1999). Length-mass relationships for freshwater macroinvertebrates in North America with particular reference to the southeastern United States. Journal of the North American Benthological Society, 18(3), 308-343.",
133,,14,20/06/2023,chironomidae (pupae),3,2.972,aria,2.972,0.03113445214,0.0018,2.617,,,dm_mg = a*length_mm^b,"Benke, A. C., Huryn, A. D., Smock, L. A., & Wallace, J. B. (1999). Length-mass relationships for freshwater macroinvertebrates in North America with particular reference to the southeastern United States. Journal of the North American Benthological Society, 18(3), 308-343.",
135,,14,20/06/2023,chironomidae (pupae),5,3.117,aria,3.117,0.03526807183,0.0018,2.617,,,dm_mg = a*length_mm^b,"Benke, A. C., Huryn, A. D., Smock, L. A., & Wallace, J. B. (1999). Length-mass relationships for freshwater macroinvertebrates in North America with particular reference to the southeastern United States. Journal of the North American Benthological Society, 18(3), 308-343.",
136,,14,20/06/2023,chironomidae (pupae),6,2.419,aria,2.419,0.01816550905,0.0018,2.617,,,dm_mg = a*length_mm^b,"Benke, A. C., Huryn, A. D., Smock, L. A., & Wallace, J. B. (1999). Length-mass relationships for freshwater macroinvertebrates in North America with particular reference to the southeastern United States. Journal of the North American Benthological Society, 18(3), 308-343.",
137,,14,20/06/2023,chironomidae (pupae),7,2.01,aria,2.01,0.01118759117,0.0018,2.617,,,dm_mg = a*length_mm^b,"Benke, A. C., Huryn, A. D., Smock, L. A., & Wallace, J. B. (1999). Length-mass relationships for freshwater macroinvertebrates in North America with particular reference to the southeastern United States. Journal of the North American Benthological Society, 18(3), 308-343.",
138,,14,20/06/2023,chironomidae (pupae),8,7.89,aria,7.89,0.4007956714,0.0018,2.617,,,dm_mg = a*length_mm^b,"Benke, A. C., Huryn, A. D., Smock, L. A., & Wallace, J. B. (1999). Length-mass relationships for freshwater macroinvertebrates in North America with particular reference to the southeastern United States. Journal of the North American Benthological Society, 18(3), 308-343.",
139,,14,20/06/2023,chironomidae (pupae),9,2.126,aria,2.126,0.01295703277,0.0018,2.617,,,dm_mg = a*length_mm^b,"Benke, A. C., Huryn, A. D., Smock, L. A., & Wallace, J. B. (1999). Length-mass relationships for freshwater macroinvertebrates in North America with particular reference to the southeastern United States. Journal of the North American Benthological Society, 18(3), 308-343.",
140,,14,20/06/2023,chironomidae (pupae),10,6.058,aria,6.058,0.2007373572,0.0018,2.617,,,dm_mg = a*length_mm^b,"Benke, A. C., Huryn, A. D., Smock, L. A., & Wallace, J. B. (1999). Length-mass relationships for freshwater macroinvertebrates in North America with particular reference to the southeastern United States. Journal of the North American Benthological Society, 18(3), 308-343.",
141,,14,20/06/2023,chironomidae (pupae),11,4.91,aria,4.91,0.1158331242,0.0018,2.617,,,dm_mg = a*length_mm^b,"Benke, A. C., Huryn, A. D., Smock, L. A., & Wallace, J. B. (1999). Length-mass relationships for freshwater macroinvertebrates in North America with particular reference to the southeastern United States. Journal of the North American Benthological Society, 18(3), 308-343.",
142,,14,20/06/2023,chironomidae (pupae),12,2.328,aria,2.328,0.0164311119,0.0018,2.617,,,dm_mg = a*length_mm^b,"Benke, A. C., Huryn, A. D., Smock, L. A., & Wallace, J. B. (1999). Length-mass relationships for freshwater macroinvertebrates in North America with particular reference to the southeastern United States. Journal of the North American Benthological Society, 18(3), 308-343.",
143,,14,20/06/2023,chironomidae (pupae),13,2.852,aria,2.852,0.02795109344,0.0018,2.617,,,dm_mg = a*length_mm^b,"Benke, A. C., Huryn, A. D., Smock, L. A., & Wallace, J. B. (1999). Length-mass relationships for freshwater macroinvertebrates in North America with particular reference to the southeastern United States. Journal of the North American Benthological Society, 18(3), 308-343.",
144,,14,20/06/2023,chironomidae (pupae),14,4.137,aria,4.137,0.07398412014,0.0018,2.617,,,dm_mg = a*length_mm^b,"Benke, A. C., Huryn, A. D., Smock, L. A., & Wallace, J. B. (1999). Length-mass relationships for freshwater macroinvertebrates in North America with particular reference to the southeastern United States. Journal of the North American Benthological Society, 18(3), 308-343.",
145,,14,20/06/2023,chironomidae (pupae),15,4.652,aria,4.652,0.1005739752,0.0018,2.617,,,dm_mg = a*length_mm^b,"Benke, A. C., Huryn, A. D., Smock, L. A., & Wallace, J. B. (1999). Length-mass relationships for freshwater macroinvertebrates in North America with particular reference to the southeastern United States. Journal of the North American Benthological Society, 18(3), 308-343.",
150,,14,20/06/2023,chironomidae (pupae),20,2.885,aria,2.885,0.02880541321,0.0018,2.617,,,dm_mg = a*length_mm^b,"Benke, A. C., Huryn, A. D., Smock, L. A., & Wallace, J. B. (1999). Length-mass relationships for freshwater macroinvertebrates in North America with particular reference to the southeastern United States. Journal of the North American Benthological Society, 18(3), 308-343.",
151,,14,20/06/2023,chironomidae (pupae),21,5.676,aria,5.676,0.1692783555,0.0018,2.617,,,dm_mg = a*length_mm^b,"Benke, A. C., Huryn, A. D., Smock, L. A., & Wallace, J. B. (1999). Length-mass relationships for freshwater macroinvertebrates in North America with particular reference to the southeastern United States. Journal of the North American Benthological Society, 18(3), 308-343.",
152,,14,20/06/2023,chironomidae (pupae),22,4.104,aria,4.104,0.07244962561,0.0018,2.617,,,dm_mg = a*length_mm^b,"Benke, A. C., Huryn, A. D., Smock, L. A., & Wallace, J. B. (1999). Length-mass relationships for freshwater macroinvertebrates in North America with particular reference to the southeastern United States. Journal of the North American Benthological Society, 18(3), 308-343.",
153,,14,20/06/2023,chironomidae (pupae),23,3.254,aria,3.254,0.03947019116,0.0018,2.617,,,dm_mg = a*length_mm^b,"Benke, A. C., Huryn, A. D., Smock, L. A., & Wallace, J. B. (1999). Length-mass relationships for freshwater macroinvertebrates in North America with particular reference to the southeastern United States. Journal of the North American Benthological Society, 18(3), 308-343.",
154,,14,20/06/2023,chironomidae (pupae),24,1.873,aria,1.873,0.009300447991,0.0018,2.617,,,dm_mg = a*length_mm^b,"Benke, A. C., Huryn, A. D., Smock, L. A., & Wallace, J. B. (1999). Length-mass relationships for freshwater macroinvertebrates in North America with particular reference to the southeastern United States. Journal of the North American Benthological Society, 18(3), 308-343.",
157,,18,21/06/2023,chironomidae (pupae),2,3.921,aria,3.921,0.06429719713,0.0018,2.617,,,dm_mg = a*length_mm^b,"Benke, A. C., Huryn, A. D., Smock, L. A., & Wallace, J. B. (1999). Length-mass relationships for freshwater macroinvertebrates in North America with particular reference to the southeastern United States. Journal of the North American Benthological Society, 18(3), 308-343.",
158,,18,21/06/2023,chironomidae (pupae),3,2.296,aria,2.296,0.01584659377,0.0018,2.617,,,dm_mg = a*length_mm^b,"Benke, A. C., Huryn, A. D., Smock, L. A., & Wallace, J. B. (1999). Length-mass relationships for freshwater macroinvertebrates in North America with particular reference to the southeastern United States. Journal of the North American Benthological Society, 18(3), 308-343.",
160,,18,21/06/2023,chironomidae (pupae),5,9.735,aria,9.735,0.6946206684,0.0018,2.617,,,dm_mg = a*length_mm^b,"Benke, A. C., Huryn, A. D., Smock, L. A., & Wallace, J. B. (1999). Length-mass relationships for freshwater macroinvertebrates in North America with particular reference to the southeastern United States. Journal of the North American Benthological Society, 18(3), 308-343.",
163,,18,21/06/2023,chironomidae (pupae),8,9.289,aria,9.289,0.6143944458,0.0018,2.617,,,dm_mg = a*length_mm^b,"Benke, A. C., Huryn, A. D., Smock, L. A., & Wallace, J. B. (1999). Length-mass relationships for freshwater macroinvertebrates in North America with particular reference to the southeastern United States. Journal of the North American Benthological Society, 18(3), 308-343.",
164,,11,21/06/2023,chironomidae (pupae),1,2.443,aria,2.443,0.01864095758,0.0018,2.617,,,dm_mg = a*length_mm^b,"Benke, A. C., Huryn, A. D., Smock, L. A., & Wallace, J. B. (1999). Length-mass relationships for freshwater macroinvertebrates in North America with particular reference to the southeastern United States. Journal of the North American Benthological Society, 18(3), 308-343.",
165,,11,21/06/2023,chironomidae (pupae),2,2.754,aria,2.754,0.02550692619,0.0018,2.617,,,dm_mg = a*length_mm^b,"Benke, A. C., Huryn, A. D., Smock, L. A., & Wallace, J. B. (1999). Length-mass relationships for freshwater macroinvertebrates in North America with particular reference to the southeastern United States. Journal of the North American Benthological Society, 18(3), 308-343.",
166,,11,21/06/2023,chironomidae (pupae),3,4.077,aria,4.077,0.07120887867,0.0018,2.617,,,dm_mg = a*length_mm^b,"Benke, A. C., Huryn, A. D., Smock, L. A., & Wallace, J. B. (1999). Length-mass relationships for freshwater macroinvertebrates in North America with particular reference to the southeastern United States. Journal of the North American Benthological Society, 18(3), 308-343.",
167,,11,21/06/2023,chironomidae (pupae),4,8.241,aria,8.241,0.4491505547,0.0018,2.617,,,dm_mg = a*length_mm^b,"Benke, A. C., Huryn, A. D., Smock, L. A., & Wallace, J. B. (1999). Length-mass relationships for freshwater macroinvertebrates in North America with particular reference to the southeastern United States. Journal of the North American Benthological Society, 18(3), 308-343.",
168,,11,21/06/2023,chironomidae (pupae),5,5.64,aria,5.64,0.1664830104,0.0018,2.617,,,dm_mg = a*length_mm^b,"Benke, A. C., Huryn, A. D., Smock, L. A., & Wallace, J. B. (1999). Length-mass relationships for freshwater macroinvertebrates in North America with particular reference to the southeastern United States. Journal of the North American Benthological Society, 18(3), 308-343.",
171,,11,21/06/2023,chironomidae (pupae),8,8.212,aria,8.212,0.4450259981,0.0018,2.617,,,dm_mg = a*length_mm^b,"Benke, A. C., Huryn, A. D., Smock, L. A., & Wallace, J. B. (1999). Length-mass relationships for freshwater macroinvertebrates in North America with particular reference to the southeastern United States. Journal of the North American Benthological Society, 18(3), 308-343.",
172,,11,21/06/2023,chironomidae (pupae),9,2.743,aria,2.743,0.02524116778,0.0018,2.617,,,dm_mg = a*length_mm^b,"Benke, A. C., Huryn, A. D., Smock, L. A., & Wallace, J. B. (1999). Length-mass relationships for freshwater macroinvertebrates in North America with particular reference to the southeastern United States. Journal of the North American Benthological Society, 18(3), 308-343.",
173,,11,21/06/2023,chironomidae (pupae),10,8.8,aria,8.8,0.5333148272,0.0018,2.617,,,dm_mg = a*length_mm^b,"Benke, A. C., Huryn, A. D., Smock, L. A., & Wallace, J. B. (1999). Length-mass relationships for freshwater macroinvertebrates in North America with particular reference to the southeastern United States. Journal of the North American Benthological Society, 18(3), 308-343.",
174,,11,21/06/2023,chironomidae (pupae),11,7.477,aria,7.477,0.3481906143,0.0018,2.617,,,dm_mg = a*length_mm^b,"Benke, A. C., Huryn, A. D., Smock, L. A., & Wallace, J. B. (1999). Length-mass relationships for freshwater macroinvertebrates in North America with particular reference to the southeastern United States. Journal of the North American Benthological Society, 18(3), 308-343.",
176,,11,21/06/2023,chironomidae (pupae),13,4.217,aria,4.217,0.07778698326,0.0018,2.617,,,dm_mg = a*length_mm^b,"Benke, A. C., Huryn, A. D., Smock, L. A., & Wallace, J. B. (1999). Length-mass relationships for freshwater macroinvertebrates in North America with particular reference to the southeastern United States. Journal of the North American Benthological Society, 18(3), 308-343.",
177,,11,21/06/2023,chironomidae (pupae),14,3.047,aria,3.047,0.03323278346,0.0018,2.617,,,dm_mg = a*length_mm^b,"Benke, A. C., Huryn, A. D., Smock, L. A., & Wallace, J. B. (1999). Length-mass relationships for freshwater macroinvertebrates in North America with particular reference to the southeastern United States. Journal of the North American Benthological Society, 18(3), 308-343.",
178,,11,21/06/2023,chironomidae (pupae),15,7.192,aria,7.192,0.3145198894,0.0018,2.617,,,dm_mg = a*length_mm^b,"Benke, A. C., Huryn, A. D., Smock, L. A., & Wallace, J. B. (1999). Length-mass relationships for freshwater macroinvertebrates in North America with particular reference to the southeastern United States. Journal of the North American Benthological Society, 18(3), 308-343.",
179,,11,21/06/2023,chironomidae (pupae),16,7.286,aria,7.286,0.3253918379,0.0018,2.617,,,dm_mg = a*length_mm^b,"Benke, A. C., Huryn, A. D., Smock, L. A., & Wallace, J. B. (1999). Length-mass relationships for freshwater macroinvertebrates in North America with particular reference to the southeastern United States. Journal of the North American Benthological Society, 18(3), 308-343.",
180,,11,21/06/2023,chironomidae (pupae),17,3.599,aria,3.599,0.05138074509,0.0018,2.617,,,dm_mg = a*length_mm^b,"Benke, A. C., Huryn, A. D., Smock, L. A., & Wallace, J. B. (1999). Length-mass relationships for freshwater macroinvertebrates in North America with particular reference to the southeastern United States. Journal of the North American Benthological Society, 18(3), 308-343.",
181,,11,21/06/2023,chironomidae (pupae),18,10.279,aria,10.279,0.8008439916,0.0018,2.617,,,dm_mg = a*length_mm^b,"Benke, A. C., Huryn, A. D., Smock, L. A., & Wallace, J. B. (1999). Length-mass relationships for freshwater macroinvertebrates in North America with particular reference to the southeastern United States. Journal of the North American Benthological Society, 18(3), 308-343.",
182,,11,21/06/2023,chironomidae (pupae),19,4.23,aria,4.23,0.07841610136,0.0018,2.617,,,dm_mg = a*length_mm^b,"Benke, A. C., Huryn, A. D., Smock, L. A., & Wallace, J. B. (1999). Length-mass relationships for freshwater macroinvertebrates in North America with particular reference to the southeastern United States. Journal of the North American Benthological Society, 18(3), 308-343.",
185,,11,21/06/2023,chironomidae (pupae),22,1.945,aria,1.945,0.01026538195,0.0018,2.617,,,dm_mg = a*length_mm^b,"Benke, A. C., Huryn, A. D., Smock, L. A., & Wallace, J. B. (1999). Length-mass relationships for freshwater macroinvertebrates in North America with particular reference to the southeastern United States. Journal of the North American Benthological Society, 18(3), 308-343.",
187,,7,21/06/2023,chironomidae (pupae),1,3.321,aria,3.321,0.04163256344,0.0018,2.617,,,dm_mg = a*length_mm^b,"Benke, A. C., Huryn, A. D., Smock, L. A., & Wallace, J. B. (1999). Length-mass relationships for freshwater macroinvertebrates in North America with particular reference to the southeastern United States. Journal of the North American Benthological Society, 18(3), 308-343.",
188,,7,21/06/2023,chironomidae (pupae),2,2.295,aria,2.295,0.01582853805,0.0018,2.617,,,dm_mg = a*length_mm^b,"Benke, A. C., Huryn, A. D., Smock, L. A., & Wallace, J. B. (1999). Length-mass relationships for freshwater macroinvertebrates in North America with particular reference to the southeastern United States. Journal of the North American Benthological Society, 18(3), 308-343.",
189,,7,21/06/2023,chironomidae (pupae),3,5.008,aria,5.008,0.1219815173,0.0018,2.617,,,dm_mg = a*length_mm^b,"Benke, A. C., Huryn, A. D., Smock, L. A., & Wallace, J. B. (1999). Length-mass relationships for freshwater macroinvertebrates in North America with particular reference to the southeastern United States. Journal of the North American Benthological Society, 18(3), 308-343.",
190,,7,21/06/2023,chironomidae (pupae),4,2.839,aria,2.839,0.02761889744,0.0018,2.617,,,dm_mg = a*length_mm^b,"Benke, A. C., Huryn, A. D., Smock, L. A., & Wallace, J. B. (1999). Length-mass relationships for freshwater macroinvertebrates in North America with particular reference to the southeastern United States. Journal of the North American Benthological Society, 18(3), 308-343.",
191,,7,21/06/2023,chironomidae (pupae),5,2.998,aria,2.998,0.03185230583,0.0018,2.617,,,dm_mg = a*length_mm^b,"Benke, A. C., Huryn, A. D., Smock, L. A., & Wallace, J. B. (1999). Length-mass relationships for freshwater macroinvertebrates in North America with particular reference to the southeastern United States. Journal of the North American Benthological Society, 18(3), 308-343.",
192,,7,21/06/2023,chironomidae (pupae),6,3.271,aria,3.271,0.04001211322,0.0018,2.617,,,dm_mg = a*length_mm^b,"Benke, A. C., Huryn, A. D., Smock, L. A., & Wallace, J. B. (1999). Length-mass relationships for freshwater macroinvertebrates in North America with particular reference to the southeastern United States. Journal of the North American Benthological Society, 18(3), 308-343.",
193,,7,21/06/2023,chironomidae (pupae),7,9.049,aria,9.049,0.5737150524,0.0018,2.617,,,dm_mg = a*length_mm^b,"Benke, A. C., Huryn, A. D., Smock, L. A., & Wallace, J. B. (1999). Length-mass relationships for freshwater macroinvertebrates in North America with particular reference to the southeastern United States. Journal of the North American Benthological Society, 18(3), 308-343.",
194,,7,21/06/2023,chironomidae (pupae),8,6.391,aria,6.391,0.2309117861,0.0018,2.617,,,dm_mg = a*length_mm^b,"Benke, A. C., Huryn, A. D., Smock, L. A., & Wallace, J. B. (1999). Length-mass relationships for freshwater macroinvertebrates in North America with particular reference to the southeastern United States. Journal of the North American Benthological Society, 18(3), 308-343.",
195,,7,21/06/2023,chironomidae (pupae),9,2.766,aria,2.766,0.02579880852,0.0018,2.617,,,dm_mg = a*length_mm^b,"Benke, A. C., Huryn, A. D., Smock, L. A., & Wallace, J. B. (1999). Length-mass relationships for freshwater macroinvertebrates in North America with particular reference to the southeastern United States. Journal of the North American Benthological Society, 18(3), 308-343.",
196,,7,21/06/2023,chironomidae (pupae),10,4.514,aria,4.514,0.09295229005,0.0018,2.617,,,dm_mg = a*length_mm^b,"Benke, A. C., Huryn, A. D., Smock, L. A., & Wallace, J. B. (1999). Length-mass relationships for freshwater macroinvertebrates in North America with particular reference to the southeastern United States. Journal of the North American Benthological Society, 18(3), 308-343.",
197,,7,21/06/2023,chironomidae (pupae),11,2.679,aria,2.679,0.02372887216,0.0018,2.617,,,dm_mg = a*length_mm^b,"Benke, A. C., Huryn, A. D., Smock, L. A., & Wallace, J. B. (1999). Length-mass relationships for freshwater macroinvertebrates in North America with particular reference to the southeastern United States. Journal of the North American Benthological Society, 18(3), 308-343.",
198,,7,21/06/2023,chironomidae (pupae),12,2.791,aria,2.791,0.02641350272,0.0018,2.617,,,dm_mg = a*length_mm^b,"Benke, A. C., Huryn, A. D., Smock, L. A., & Wallace, J. B. (1999). Length-mass relationships for freshwater macroinvertebrates in North America with particular reference to the southeastern United States. Journal of the North American Benthological Society, 18(3), 308-343.",
199,,7,21/06/2023,chironomidae (pupae),13,2.904,aria,2.904,0.0293045218,0.0018,2.617,,,dm_mg = a*length_mm^b,"Benke, A. C., Huryn, A. D., Smock, L. A., & Wallace, J. B. (1999). Length-mass relationships for freshwater macroinvertebrates in North America with particular reference to the southeastern United States. Journal of the North American Benthological Society, 18(3), 308-343.",
200,,7,21/06/2023,chironomidae (pupae),14,3.465,aria,3.465,0.04652387513,0.0018,2.617,,,dm_mg = a*length_mm^b,"Benke, A. C., Huryn, A. D., Smock, L. A., & Wallace, J. B. (1999). Length-mass relationships for freshwater macroinvertebrates in North America with particular reference to the southeastern United States. Journal of the North American Benthological Society, 18(3), 308-343.",
201,,7,21/06/2023,chironomidae (pupae),15,4.364,aria,4.364,0.085084583,0.0018,2.617,,,dm_mg = a*length_mm^b,"Benke, A. C., Huryn, A. D., Smock, L. A., & Wallace, J. B. (1999). Length-mass relationships for freshwater macroinvertebrates in North America with particular reference to the southeastern United States. Journal of the North American Benthological Society, 18(3), 308-343.",
202,,7,21/06/2023,chironomidae (pupae),16,2.786,aria,2.786,0.02628984802,0.0018,2.617,,,dm_mg = a*length_mm^b,"Benke, A. C., Huryn, A. D., Smock, L. A., & Wallace, J. B. (1999). Length-mass relationships for freshwater macroinvertebrates in North America with particular reference to the southeastern United States. Journal of the North American Benthological Society, 18(3), 308-343.",
203,,7,21/06/2023,chironomidae (pupae),17,2.779,aria,2.779,0.02611733334,0.0018,2.617,,,dm_mg = a*length_mm^b,"Benke, A. C., Huryn, A. D., Smock, L. A., & Wallace, J. B. (1999). Length-mass relationships for freshwater macroinvertebrates in North America with particular reference to the southeastern United States. Journal of the North American Benthological Society, 18(3), 308-343.",
204,,7,21/06/2023,chironomidae (pupae),18,3.668,aria,3.668,0.05399879318,0.0018,2.617,,,dm_mg = a*length_mm^b,"Benke, A. C., Huryn, A. D., Smock, L. A., & Wallace, J. B. (1999). Length-mass relationships for freshwater macroinvertebrates in North America with particular reference to the southeastern United States. Journal of the North American Benthological Society, 18(3), 308-343.",
205,,7,21/06/2023,chironomidae (pupae),19,3.167,aria,3.167,0.03676787131,0.0018,2.617,,,dm_mg = a*length_mm^b,"Benke, A. C., Huryn, A. D., Smock, L. A., & Wallace, J. B. (1999). Length-mass relationships for freshwater macroinvertebrates in North America with particular reference to the southeastern United States. Journal of the North American Benthological Society, 18(3), 308-343.",
206,,7,21/06/2023,chironomidae (pupae),20,3.032,aria,3.032,0.03280634242,0.0018,2.617,,,dm_mg = a*length_mm^b,"Benke, A. C., Huryn, A. D., Smock, L. A., & Wallace, J. B. (1999). Length-mass relationships for freshwater macroinvertebrates in North America with particular reference to the southeastern United States. Journal of the North American Benthological Society, 18(3), 308-343.",
207,,7,21/06/2023,chironomidae (pupae),21,3.169,aria,3.169,0.03682866743,0.0018,2.617,,,dm_mg = a*length_mm^b,"Benke, A. C., Huryn, A. D., Smock, L. A., & Wallace, J. B. (1999). Length-mass relationships for freshwater macroinvertebrates in North America with particular reference to the southeastern United States. Journal of the North American Benthological Society, 18(3), 308-343.",
208,,7,21/06/2023,chironomidae (pupae),22,3.207,aria,3.207,0.03799561542,0.0018,2.617,,,dm_mg = a*length_mm^b,"Benke, A. C., Huryn, A. D., Smock, L. A., & Wallace, J. B. (1999). Length-mass relationships for freshwater macroinvertebrates in North America with particular reference to the southeastern United States. Journal of the North American Benthological Society, 18(3), 308-343.",
209,,7,21/06/2023,chironomidae (pupae),23,2.42,aria,2.42,0.01818516801,0.0018,2.617,,,dm_mg = a*length_mm^b,"Benke, A. C., Huryn, A. D., Smock, L. A., & Wallace, J. B. (1999). Length-mass relationships for freshwater macroinvertebrates in North America with particular reference to the southeastern United States. Journal of the North American Benthological Society, 18(3), 308-343.",
210,,7,21/06/2023,chironomidae (pupae),24,3.451,aria,3.451,0.04603354953,0.0018,2.617,,,dm_mg = a*length_mm^b,"Benke, A. C., Huryn, A. D., Smock, L. A., & Wallace, J. B. (1999). Length-mass relationships for freshwater macroinvertebrates in North America with particular reference to the southeastern United States. Journal of the North American Benthological Society, 18(3), 308-343.",
211,,7,21/06/2023,chironomidae (pupae),25,3.416,aria,3.416,0.04482174392,0.0018,2.617,,,dm_mg = a*length_mm^b,"Benke, A. C., Huryn, A. D., Smock, L. A., & Wallace, J. B. (1999). Length-mass relationships for freshwater macroinvertebrates in North America with particular reference to the southeastern United States. Journal of the North American Benthological Society, 18(3), 308-343.",
212,,7,21/06/2023,chironomidae (pupae),26,5.229,aria,5.229,0.1365759062,0.0018,2.617,,,dm_mg = a*length_mm^b,"Benke, A. C., Huryn, A. D., Smock, L. A., & Wallace, J. B. (1999). Length-mass relationships for freshwater macroinvertebrates in North America with particular reference to the southeastern United States. Journal of the North American Benthological Society, 18(3), 308-343.",
213,,7,21/06/2023,chironomidae (pupae),27,4.791,aria,4.791,0.1086295034,0.0018,2.617,,,dm_mg = a*length_mm^b,"Benke, A. C., Huryn, A. D., Smock, L. A., & Wallace, J. B. (1999). Length-mass relationships for freshwater macroinvertebrates in North America with particular reference to the southeastern United States. Journal of the North American Benthological Society, 18(3), 308-343.",
218,,7,21/06/2023,chironomidae (pupae),32,2.302,aria,2.302,0.01595519534,0.0018,2.617,,,dm_mg = a*length_mm^b,"Benke, A. C., Huryn, A. D., Smock, L. A., & Wallace, J. B. (1999). Length-mass relationships for freshwater macroinvertebrates in North America with particular reference to the southeastern United States. Journal of the North American Benthological Society, 18(3), 308-343.",
219,,7,21/06/2023,chironomidae (pupae),33,1.812,aria,1.812,0.008528496922,0.0018,2.617,,,dm_mg = a*length_mm^b,"Benke, A. C., Huryn, A. D., Smock, L. A., & Wallace, J. B. (1999). Length-mass relationships for freshwater macroinvertebrates in North America with particular reference to the southeastern United States. Journal of the North American Benthological Society, 18(3), 308-343.",
220,,7,21/06/2023,chironomidae (pupae),34,2.39,aria,2.39,0.01760110006,0.0018,2.617,,,dm_mg = a*length_mm^b,"Benke, A. C., Huryn, A. D., Smock, L. A., & Wallace, J. B. (1999). Length-mass relationships for freshwater macroinvertebrates in North America with particular reference to the southeastern United States. Journal of the North American Benthological Society, 18(3), 308-343.",
221,,7,21/06/2023,chironomidae (pupae),35,1.72,aria,1.72,0.007441328048,0.0018,2.617,,,dm_mg = a*length_mm^b,"Benke, A. C., Huryn, A. D., Smock, L. A., & Wallace, J. B. (1999). Length-mass relationships for freshwater macroinvertebrates in North America with particular reference to the southeastern United States. Journal of the North American Benthological Society, 18(3), 308-343.",
222,,7,21/06/2023,chironomidae (pupae),36,2.542,aria,2.542,0.02068316086,0.0018,2.617,,,dm_mg = a*length_mm^b,"Benke, A. C., Huryn, A. D., Smock, L. A., & Wallace, J. B. (1999). Length-mass relationships for freshwater macroinvertebrates in North America with particular reference to the southeastern United States. Journal of the North American Benthological Society, 18(3), 308-343.",
223,,7,21/06/2023,chironomidae (pupae),37,2.764,aria,2.764,0.02575001891,0.0018,2.617,,,dm_mg = a*length_mm^b,"Benke, A. C., Huryn, A. D., Smock, L. A., & Wallace, J. B. (1999). Length-mass relationships for freshwater macroinvertebrates in North America with particular reference to the southeastern United States. Journal of the North American Benthological Society, 18(3), 308-343.",
224,,7,21/06/2023,chironomidae (pupae),38,3.755,aria,3.755,0.0574151788,0.0018,2.617,,,dm_mg = a*length_mm^b,"Benke, A. C., Huryn, A. D., Smock, L. A., & Wallace, J. B. (1999). Length-mass relationships for freshwater macroinvertebrates in North America with particular reference to the southeastern United States. Journal of the North American Benthological Society, 18(3), 308-343.",
225,,7,21/06/2023,chironomidae (pupae),39,2.388,aria,2.388,0.01756258046,0.0018,2.617,,,dm_mg = a*length_mm^b,"Benke, A. C., Huryn, A. D., Smock, L. A., & Wallace, J. B. (1999). Length-mass relationships for freshwater macroinvertebrates in North America with particular reference to the southeastern United States. Journal of the North American Benthological Society, 18(3), 308-343.",
226,,7,21/06/2023,chironomidae (pupae),40,2.281,aria,2.281,0.0155770917,0.0018,2.617,,,dm_mg = a*length_mm^b,"Benke, A. C., Huryn, A. D., Smock, L. A., & Wallace, J. B. (1999). Length-mass relationships for freshwater macroinvertebrates in North America with particular reference to the southeastern United States. Journal of the North American Benthological Society, 18(3), 308-343.",
227,,7,21/06/2023,chironomidae (pupae),41,2.443,aria,2.443,0.01864095758,0.0018,2.617,,,dm_mg = a*length_mm^b,"Benke, A. C., Huryn, A. D., Smock, L. A., & Wallace, J. B. (1999). Length-mass relationships for freshwater macroinvertebrates in North America with particular reference to the southeastern United States. Journal of the North American Benthological Society, 18(3), 308-343.",
229,,7,21/06/2023,chironomidae (pupae),43,2.161,aria,2.161,0.0135227192,0.0018,2.617,,,dm_mg = a*length_mm^b,"Benke, A. C., Huryn, A. D., Smock, L. A., & Wallace, J. B. (1999). Length-mass relationships for freshwater macroinvertebrates in North America with particular reference to the southeastern United States. Journal of the North American Benthological Society, 18(3), 308-343.",
230,,7,21/06/2023,chironomidae (pupae),44,2.32,aria,2.32,0.01628375508,0.0018,2.617,,,dm_mg = a*length_mm^b,"Benke, A. C., Huryn, A. D., Smock, L. A., & Wallace, J. B. (1999). Length-mass relationships for freshwater macroinvertebrates in North America with particular reference to the southeastern United States. Journal of the North American Benthological Society, 18(3), 308-343.",
231,,7,21/06/2023,chironomidae (pupae),45,2.624,aria,2.624,0.0224750595,0.0018,2.617,,,dm_mg = a*length_mm^b,"Benke, A. C., Huryn, A. D., Smock, L. A., & Wallace, J. B. (1999). Length-mass relationships for freshwater macroinvertebrates in North America with particular reference to the southeastern United States. Journal of the North American Benthological Society, 18(3), 308-343.",
232,,7,21/06/2023,chironomidae (pupae),46,1.781,aria,1.781,0.008151921376,0.0018,2.617,,,dm_mg = a*length_mm^b,"Benke, A. C., Huryn, A. D., Smock, L. A., & Wallace, J. B. (1999). Length-mass relationships for freshwater macroinvertebrates in North America with particular reference to the southeastern United States. Journal of the North American Benthological Society, 18(3), 308-343.",
234,,1,21/06/2023,chironomidae (pupae),1,6.994,aria,6.994,0.2923610234,0.0018,2.617,,,dm_mg = a*length_mm^b,"Benke, A. C., Huryn, A. D., Smock, L. A., & Wallace, J. B. (1999). Length-mass relationships for freshwater macroinvertebrates in North America with particular reference to the southeastern United States. Journal of the North American Benthological Society, 18(3), 308-343.",
39,,5,20/06/2023,coleoptera ,1,8.338,aria,8.338,3.68791436,0.0077,2.91,,,dm_mg = a*length_mm^b,"Benke, A. C., Huryn, A. D., Smock, L. A., & Wallace, J. B. (1999). Length-mass relationships for freshwater macroinvertebrates in North America with particular reference to the southeastern United States. Journal of the North American Benthological Society, 18(3), 308-343.",
27,,4,20/06/2023,coleoptera (larva),9,2.291,aria,2.291,0.08593374419,0.0077,2.91,,,dm_mg = a*length_mm^b,"Benke, A. C., Huryn, A. D., Smock, L. A., & Wallace, J. B. (1999). Length-mass relationships for freshwater macroinvertebrates in North America with particular reference to the southeastern United States. Journal of the North American Benthological Society, 18(3), 308-343.",
28,,4,20/06/2023,coleoptera (larva),10,2.377,aria,2.377,0.09566116025,0.0077,2.91,,,dm_mg = a*length_mm^b,"Benke, A. C., Huryn, A. D., Smock, L. A., & Wallace, J. B. (1999). Length-mass relationships for freshwater macroinvertebrates in North America with particular reference to the southeastern United States. Journal of the North American Benthological Society, 18(3), 308-343.",
75,,9,20/06/2023,coleoptera (larva),30,3.267,aria,3.267,0.2413596717,0.0077,2.91,,,dm_mg = a*length_mm^b,"Benke, A. C., Huryn, A. D., Smock, L. A., & Wallace, J. B. (1999). Length-mass relationships for freshwater macroinvertebrates in North America with particular reference to the southeastern United States. Journal of the North American Benthological Society, 18(3), 308-343.",
25,,4,20/06/2023,odonata,7,14.49,aria,14.49,13.60810134,0.0078,2.792,,,dm_mg = a*length_mm^b,"Benke, A. C., Huryn, A. D., Smock, L. A., & Wallace, J. B. (1999). Length-mass relationships for freshwater macroinvertebrates in North America with particular reference to the southeastern United States. Journal of the North American Benthological Society, 18(3), 308-343.",
45,,5,20/06/2023,odonata,7,0.988,aria,0.988,0.007541469726,0.0078,2.792,,,dm_mg = a*length_mm^b,"Benke, A. C., Huryn, A. D., Smock, L. A., & Wallace, J. B. (1999). Length-mass relationships for freshwater macroinvertebrates in North America with particular reference to the southeastern United States. Journal of the North American Benthological Society, 18(3), 308-343.",
46,,9,20/06/2023,odonata,1,2.741,aria,2.741,0.1302376736,0.0078,2.792,,,dm_mg = a*length_mm^b,"Benke, A. C., Huryn, A. D., Smock, L. A., & Wallace, J. B. (1999). Length-mass relationships for freshwater macroinvertebrates in North America with particular reference to the southeastern United States. Journal of the North American Benthological Society, 18(3), 308-343.",
52,,9,20/06/2023,odonata,7,1.958,aria,1.958,0.05091381335,0.0078,2.792,,,dm_mg = a*length_mm^b,"Benke, A. C., Huryn, A. D., Smock, L. A., & Wallace, J. B. (1999). Length-mass relationships for freshwater macroinvertebrates in North America with particular reference to the southeastern United States. Journal of the North American Benthological Society, 18(3), 308-343.",
61,,9,20/06/2023,odonata,16,6.18,aria,6.18,1.260475548,0.0078,2.792,,,dm_mg = a*length_mm^b,"Benke, A. C., Huryn, A. D., Smock, L. A., & Wallace, J. B. (1999). Length-mass relationships for freshwater macroinvertebrates in North America with particular reference to the southeastern United States. Journal of the North American Benthological Society, 18(3), 308-343.",
159,,18,21/06/2023,odonata,4,1.61,aria,1.61,0.02948169498,0.0078,2.792,,,dm_mg = a*length_mm^b,"Benke, A. C., Huryn, A. D., Smock, L. A., & Wallace, J. B. (1999). Length-mass relationships for freshwater macroinvertebrates in North America with particular reference to the southeastern United States. Journal of the North American Benthological Society, 18(3), 308-343.",
228,,7,21/06/2023,odonata,42,2.783,aria,2.783,0.1358862378,0.0078,2.792,,,dm_mg = a*length_mm^b,"Benke, A. C., Huryn, A. D., Smock, L. A., & Wallace, J. B. (1999). Length-mass relationships for freshwater macroinvertebrates in North America with particular reference to the southeastern United States. Journal of the North American Benthological Society, 18(3), 308-343.",
78,,19,20/06/2023,worm,1,14.173,aria,14.173,0.3475288401,-2.618,1.875,,,dm_mg = 10^(a + b*log(length_mm)),"Stoffels, R. J., Karbe, S., & Paterson, R. A. (2003). Length‐mass models for some common New Zealand littoral‐benthic macroinvertebrates, with a note on within‐taxon variability in parameter values among published models. New Zealand Journal of Marine and Freshwater Research, 37(2), 449-460.",